date,slot,area_code,sales_amount,transaction_count
2026-06-15,08:00-09:00,aquatic,828.18,9
2026-06-15,08:00-09:00,meat,985.5,11
2026-06-15,08:00-09:00,produce,471.36,8
2026-06-15,08:00-09:00,cashier,244.75,3
2026-06-15,08:00-09:00,replenishment,251.18,5
2026-06-15,09:00-10:00,aquatic,965.88,14
2026-06-15,09:00-10:00,meat,1345.5,22
2026-06-15,09:00-10:00,produce,653.79,9
2026-06-15,09:00-10:00,cashier,305.82,4
2026-06-15,09:00-10:00,replenishment,298.44,4
2026-06-15,10:00-11:00,aquatic,959.65,13
2026-06-15,10:00-11:00,meat,1376.88,18
2026-06-15,10:00-11:00,produce,840.77,11
2026-06-15,10:00-11:00,cashier,377.07,6
2026-06-15,10:00-11:00,replenishment,307.16,4
2026-06-15,11:00-12:00,aquatic,789.34,13
2026-06-15,11:00-12:00,meat,1342.81,24
2026-06-15,11:00-12:00,produce,667.24,9
2026-06-15,11:00-12:00,cashier,456.58,6
2026-06-15,11:00-12:00,replenishment,337.21,4
2026-06-15,12:00-13:00,aquatic,917.82,11
2026-06-15,12:00-13:00,meat,1367.51,17
2026-06-15,12:00-13:00,produce,886.02,14
2026-06-15,12:00-13:00,cashier,505.96,6
2026-06-15,12:00-13:00,replenishment,294.43,3
2026-06-15,13:00-14:00,aquatic,997.24,13
2026-06-15,13:00-14:00,meat,1429.98,16
2026-06-15,13:00-14:00,produce,818.53,13
2026-06-15,13:00-14:00,cashier,521.86,10
2026-06-15,13:00-14:00,replenishment,303.29,4
2026-06-15,14:00-15:00,aquatic,757.33,10
2026-06-15,14:00-15:00,meat,1025.37,12
2026-06-15,14:00-15:00,produce,679.25,13
2026-06-15,14:00-15:00,cashier,294.45,6
2026-06-15,14:00-15:00,replenishment,267.66,4
2026-06-15,15:00-16:00,aquatic,708.48,12
2026-06-15,15:00-16:00,meat,760.34,9
2026-06-15,15:00-16:00,produce,589.48,9
2026-06-15,15:00-16:00,cashier,272.3,5
2026-06-15,15:00-16:00,replenishment,238.11,4
2026-06-15,16:00-17:00,aquatic,538.81,10
2026-06-15,16:00-17:00,meat,837.13,15
2026-06-15,16:00-17:00,produce,443.74,6
2026-06-15,16:00-17:00,cashier,257.51,3
2026-06-15,16:00-17:00,replenishment,175.63,2
2026-06-15,17:00-18:00,aquatic,564.7,8
2026-06-15,17:00-18:00,meat,769.74,11
2026-06-15,17:00-18:00,produce,510.53,6
2026-06-15,17:00-18:00,cashier,240.75,4
2026-06-15,17:00-18:00,replenishment,206.43,2
2026-06-15,18:00-19:00,aquatic,1195.17,22
2026-06-15,18:00-19:00,meat,1583.56,22
2026-06-15,18:00-19:00,produce,1440.62,22
2026-06-15,18:00-19:00,cashier,651.46,11
2026-06-15,18:00-19:00,replenishment,383.03,5
2026-06-15,19:00-20:00,aquatic,1154.11,15
2026-06-15,19:00-20:00,meat,1694.08,23
2026-06-15,19:00-20:00,produce,1085.5,13
2026-06-15,19:00-20:00,cashier,624.0,11
2026-06-15,19:00-20:00,replenishment,437.31,8
2026-06-15,20:00-21:00,aquatic,971.59,17
2026-06-15,20:00-21:00,meat,1143.48,13
2026-06-15,20:00-21:00,produce,711.43,13
2026-06-15,20:00-21:00,cashier,448.06,9
2026-06-15,20:00-21:00,replenishment,332.26,6
2026-06-15,21:00-22:00,aquatic,560.07,9
2026-06-15,21:00-22:00,meat,789.56,10
2026-06-15,21:00-22:00,produce,450.31,9
2026-06-15,21:00-22:00,cashier,304.36,5
2026-06-15,21:00-22:00,replenishment,198.9,3
2026-06-16,08:00-09:00,aquatic,701.23,9
2026-06-16,08:00-09:00,meat,1058.22,13
2026-06-16,08:00-09:00,produce,446.79,6
2026-06-16,08:00-09:00,cashier,240.95,4
2026-06-16,08:00-09:00,replenishment,234.27,3
2026-06-16,09:00-10:00,aquatic,807.78,10
2026-06-16,09:00-10:00,meat,1332.11,19
2026-06-16,09:00-10:00,produce,592.45,7
2026-06-16,09:00-10:00,cashier,277.84,4
2026-06-16,09:00-10:00,replenishment,279.5,4
2026-06-16,10:00-11:00,aquatic,897.37,10
2026-06-16,10:00-11:00,meat,1090.06,20
2026-06-16,10:00-11:00,produce,774.37,15
2026-06-16,10:00-11:00,cashier,373.0,5
2026-06-16,10:00-11:00,replenishment,304.35,5
2026-06-16,11:00-12:00,aquatic,1033.55,15
2026-06-16,11:00-12:00,meat,1232.64,17
2026-06-16,11:00-12:00,produce,659.82,8
2026-06-16,11:00-12:00,cashier,442.34,6
2026-06-16,11:00-12:00,replenishment,324.21,4
2026-06-16,12:00-13:00,aquatic,905.36,13
2026-06-16,12:00-13:00,meat,1263.0,20
2026-06-16,12:00-13:00,produce,813.49,12
2026-06-16,12:00-13:00,cashier,502.52,7
2026-06-16,12:00-13:00,replenishment,346.35,5
2026-06-16,13:00-14:00,aquatic,806.21,9
2026-06-16,13:00-14:00,meat,1087.67,13
2026-06-16,13:00-14:00,produce,658.48,12
2026-06-16,13:00-14:00,cashier,514.39,6
2026-06-16,13:00-14:00,replenishment,305.07,4
2026-06-16,14:00-15:00,aquatic,733.3,12
2026-06-16,14:00-15:00,meat,886.67,14
2026-06-16,14:00-15:00,produce,629.76,8
2026-06-16,14:00-15:00,cashier,355.34,5
2026-06-16,14:00-15:00,replenishment,273.72,4
2026-06-16,15:00-16:00,aquatic,601.96,8
2026-06-16,15:00-16:00,meat,799.59,10
2026-06-16,15:00-16:00,produce,481.57,9
2026-06-16,15:00-16:00,cashier,309.01,5
2026-06-16,15:00-16:00,replenishment,226.54,3
2026-06-16,16:00-17:00,aquatic,589.77,7
2026-06-16,16:00-17:00,meat,856.77,10
2026-06-16,16:00-17:00,produce,465.33,6
2026-06-16,16:00-17:00,cashier,205.89,2
2026-06-16,16:00-17:00,replenishment,197.79,3
2026-06-16,17:00-18:00,aquatic,569.6,7
2026-06-16,17:00-18:00,meat,824.86,13
2026-06-16,17:00-18:00,produce,447.21,5
2026-06-16,17:00-18:00,cashier,285.57,4
2026-06-16,17:00-18:00,replenishment,187.44,2
2026-06-16,18:00-19:00,aquatic,927.93,12
2026-06-16,18:00-19:00,meat,1371.81,21
2026-06-16,18:00-19:00,produce,1199.86,19
2026-06-16,18:00-19:00,cashier,716.67,9
2026-06-16,18:00-19:00,replenishment,440.76,8
2026-06-16,19:00-20:00,aquatic,1012.97,18
2026-06-16,19:00-20:00,meat,1682.45,22
2026-06-16,19:00-20:00,produce,1180.84,15
2026-06-16,19:00-20:00,cashier,673.09,10
2026-06-16,19:00-20:00,replenishment,399.81,5
2026-06-16,20:00-21:00,aquatic,795.73,12
2026-06-16,20:00-21:00,meat,1168.72,15
2026-06-16,20:00-21:00,produce,746.99,10
2026-06-16,20:00-21:00,cashier,345.45,5
2026-06-16,20:00-21:00,replenishment,308.94,6
2026-06-16,21:00-22:00,aquatic,592.47,10
2026-06-16,21:00-22:00,meat,779.77,13
2026-06-16,21:00-22:00,produce,497.93,10
2026-06-16,21:00-22:00,cashier,300.75,5
2026-06-16,21:00-22:00,replenishment,202.45,3
2026-06-17,08:00-09:00,aquatic,810.06,10
2026-06-17,08:00-09:00,meat,1146.45,22
2026-06-17,08:00-09:00,produce,498.84,10
2026-06-17,08:00-09:00,cashier,205.35,2
2026-06-17,08:00-09:00,replenishment,259.42,4
2026-06-17,09:00-10:00,aquatic,956.61,12
2026-06-17,09:00-10:00,meat,1170.37,21
2026-06-17,09:00-10:00,produce,513.75,8
2026-06-17,09:00-10:00,cashier,348.93,5
2026-06-17,09:00-10:00,replenishment,316.69,4
2026-06-17,10:00-11:00,aquatic,788.8,9
2026-06-17,10:00-11:00,meat,1153.74,16
2026-06-17,10:00-11:00,produce,755.39,11
2026-06-17,10:00-11:00,cashier,377.23,6
2026-06-17,10:00-11:00,replenishment,284.98,5
2026-06-17,11:00-12:00,aquatic,902.83,17
2026-06-17,11:00-12:00,meat,1253.73,15
2026-06-17,11:00-12:00,produce,716.11,9
2026-06-17,11:00-12:00,cashier,438.27,5
2026-06-17,11:00-12:00,replenishment,276.26,5
2026-06-17,12:00-13:00,aquatic,900.09,12
2026-06-17,12:00-13:00,meat,1482.34,19
2026-06-17,12:00-13:00,produce,745.09,9
2026-06-17,12:00-13:00,cashier,570.99,7
2026-06-17,12:00-13:00,replenishment,355.73,5
2026-06-17,13:00-14:00,aquatic,1014.52,14
2026-06-17,13:00-14:00,meat,1300.74,17
2026-06-17,13:00-14:00,produce,831.96,11
2026-06-17,13:00-14:00,cashier,429.74,8
2026-06-17,13:00-14:00,replenishment,294.8,5
2026-06-17,14:00-15:00,aquatic,671.33,13
2026-06-17,14:00-15:00,meat,1002.2,16
2026-06-17,14:00-15:00,produce,591.34,11
2026-06-17,14:00-15:00,cashier,351.84,7
2026-06-17,14:00-15:00,replenishment,266.23,3
2026-06-17,15:00-16:00,aquatic,651.74,9
2026-06-17,15:00-16:00,meat,865.21,12
2026-06-17,15:00-16:00,produce,570.96,7
2026-06-17,15:00-16:00,cashier,275.78,3
2026-06-17,15:00-16:00,replenishment,219.57,3
2026-06-17,16:00-17:00,aquatic,536.05,10
2026-06-17,16:00-17:00,meat,651.42,12
2026-06-17,16:00-17:00,produce,503.88,8
2026-06-17,16:00-17:00,cashier,255.43,4
2026-06-17,16:00-17:00,replenishment,162.32,3
2026-06-17,17:00-18:00,aquatic,618.24,9
2026-06-17,17:00-18:00,meat,880.97,16
2026-06-17,17:00-18:00,produce,504.97,8
2026-06-17,17:00-18:00,cashier,272.34,4
2026-06-17,17:00-18:00,replenishment,216.17,3
2026-06-17,18:00-19:00,aquatic,1127.73,21
2026-06-17,18:00-19:00,meat,1317.53,17
2026-06-17,18:00-19:00,produce,1178.41,15
2026-06-17,18:00-19:00,cashier,703.56,8
2026-06-17,18:00-19:00,replenishment,480.38,8
2026-06-17,19:00-20:00,aquatic,1199.04,22
2026-06-17,19:00-20:00,meat,1551.79,17
2026-06-17,19:00-20:00,produce,1342.97,20
2026-06-17,19:00-20:00,cashier,695.27,8
2026-06-17,19:00-20:00,replenishment,404.49,6
2026-06-17,20:00-21:00,aquatic,978.75,12
2026-06-17,20:00-21:00,meat,1313.79,16
2026-06-17,20:00-21:00,produce,803.72,10
2026-06-17,20:00-21:00,cashier,403.17,5
2026-06-17,20:00-21:00,replenishment,293.11,5
2026-06-17,21:00-22:00,aquatic,604.03,11
2026-06-17,21:00-22:00,meat,799.98,9
2026-06-17,21:00-22:00,produce,522.84,9
2026-06-17,21:00-22:00,cashier,249.56,5
2026-06-17,21:00-22:00,replenishment,231.7,4
2026-06-18,08:00-09:00,aquatic,919.61,11
2026-06-18,08:00-09:00,meat,1229.4,24
2026-06-18,08:00-09:00,produce,449.36,6
2026-06-18,08:00-09:00,cashier,224.11,3
2026-06-18,08:00-09:00,replenishment,220.8,3
2026-06-18,09:00-10:00,aquatic,1062.73,13
2026-06-18,09:00-10:00,meat,1133.57,17
2026-06-18,09:00-10:00,produce,613.15,8
2026-06-18,09:00-10:00,cashier,309.54,5
2026-06-18,09:00-10:00,replenishment,282.89,4
2026-06-18,10:00-11:00,aquatic,930.52,13
2026-06-18,10:00-11:00,meat,1237.48,15
2026-06-18,10:00-11:00,produce,780.18,9
2026-06-18,10:00-11:00,cashier,403.35,5
2026-06-18,10:00-11:00,replenishment,360.78,5
2026-06-18,11:00-12:00,aquatic,883.13,14
2026-06-18,11:00-12:00,meat,1323.31,15
2026-06-18,11:00-12:00,produce,862.37,11
2026-06-18,11:00-12:00,cashier,374.44,6
2026-06-18,11:00-12:00,replenishment,328.34,4
2026-06-18,12:00-13:00,aquatic,1056.51,20
2026-06-18,12:00-13:00,meat,1593.56,19
2026-06-18,12:00-13:00,produce,810.39,10
2026-06-18,12:00-13:00,cashier,559.66,6
2026-06-18,12:00-13:00,replenishment,309.84,5
2026-06-18,13:00-14:00,aquatic,1071.56,18
2026-06-18,13:00-14:00,meat,1293.26,20
2026-06-18,13:00-14:00,produce,675.68,13
2026-06-18,13:00-14:00,cashier,504.3,8
2026-06-18,13:00-14:00,replenishment,361.73,6
2026-06-18,14:00-15:00,aquatic,648.99,7
2026-06-18,14:00-15:00,meat,1156.84,15
2026-06-18,14:00-15:00,produce,685.07,12
2026-06-18,14:00-15:00,cashier,314.52,4
2026-06-18,14:00-15:00,replenishment,266.82,5
2026-06-18,15:00-16:00,aquatic,702.29,10
2026-06-18,15:00-16:00,meat,782.38,15
2026-06-18,15:00-16:00,produce,510.89,6
2026-06-18,15:00-16:00,cashier,298.3,4
2026-06-18,15:00-16:00,replenishment,222.34,4
2026-06-18,16:00-17:00,aquatic,530.96,9
2026-06-18,16:00-17:00,meat,680.66,10
2026-06-18,16:00-17:00,produce,514.16,8
2026-06-18,16:00-17:00,cashier,222.58,3
2026-06-18,16:00-17:00,replenishment,194.49,4
2026-06-18,17:00-18:00,aquatic,664.55,11
2026-06-18,17:00-18:00,meat,820.51,12
2026-06-18,17:00-18:00,produce,570.24,10
2026-06-18,17:00-18:00,cashier,286.64,4
2026-06-18,17:00-18:00,replenishment,193.09,2
2026-06-18,18:00-19:00,aquatic,986.92,14
2026-06-18,18:00-19:00,meat,1578.46,18
2026-06-18,18:00-19:00,produce,1344.49,20
2026-06-18,18:00-19:00,cashier,699.28,9
2026-06-18,18:00-19:00,replenishment,519.06,9
2026-06-18,19:00-20:00,aquatic,1050.21,13
2026-06-18,19:00-20:00,meat,1626.81,21
2026-06-18,19:00-20:00,produce,1382.08,17
2026-06-18,19:00-20:00,cashier,759.88,12
2026-06-18,19:00-20:00,replenishment,388.87,5
2026-06-18,20:00-21:00,aquatic,1033.88,18
2026-06-18,20:00-21:00,meat,1422.41,21
2026-06-18,20:00-21:00,produce,833.66,11
2026-06-18,20:00-21:00,cashier,459.25,9
2026-06-18,20:00-21:00,replenishment,341.1,5
2026-06-18,21:00-22:00,aquatic,620.51,12
2026-06-18,21:00-22:00,meat,835.92,16
2026-06-18,21:00-22:00,produce,622.92,9
2026-06-18,21:00-22:00,cashier,337.14,5
2026-06-18,21:00-22:00,replenishment,204.18,3
2026-06-19,08:00-09:00,aquatic,881.93,14
2026-06-19,08:00-09:00,meat,1366.16,16
2026-06-19,08:00-09:00,produce,512.77,9
2026-06-19,08:00-09:00,cashier,276.6,3
2026-06-19,08:00-09:00,replenishment,301.3,4
2026-06-19,09:00-10:00,aquatic,1085.0,12
2026-06-19,09:00-10:00,meat,1438.36,21
2026-06-19,09:00-10:00,produce,811.65,11
2026-06-19,09:00-10:00,cashier,418.69,5
2026-06-19,09:00-10:00,replenishment,301.94,4
2026-06-19,10:00-11:00,aquatic,1184.44,16
2026-06-19,10:00-11:00,meat,1419.55,27
2026-06-19,10:00-11:00,produce,943.45,15
2026-06-19,10:00-11:00,cashier,494.78,7
2026-06-19,10:00-11:00,replenishment,380.49,6
2026-06-19,11:00-12:00,aquatic,931.72,11
2026-06-19,11:00-12:00,meat,1433.65,16
2026-06-19,11:00-12:00,produce,839.13,9
2026-06-19,11:00-12:00,cashier,544.5,10
2026-06-19,11:00-12:00,replenishment,374.85,6
2026-06-19,12:00-13:00,aquatic,1295.31,17
2026-06-19,12:00-13:00,meat,1874.13,34
2026-06-19,12:00-13:00,produce,1021.95,13
2026-06-19,12:00-13:00,cashier,590.61,11
2026-06-19,12:00-13:00,replenishment,429.09,7
2026-06-19,13:00-14:00,aquatic,1042.04,14
2026-06-19,13:00-14:00,meat,1547.29,20
2026-06-19,13:00-14:00,produce,1021.18,16
2026-06-19,13:00-14:00,cashier,621.46,9
2026-06-19,13:00-14:00,replenishment,363.18,6
2026-06-19,14:00-15:00,aquatic,902.77,15
2026-06-19,14:00-15:00,meat,1060.84,13
2026-06-19,14:00-15:00,produce,719.79,11
2026-06-19,14:00-15:00,cashier,391.1,6
2026-06-19,14:00-15:00,replenishment,267.29,4
2026-06-19,15:00-16:00,aquatic,868.58,14
2026-06-19,15:00-16:00,meat,1181.19,17
2026-06-19,15:00-16:00,produce,558.68,7
2026-06-19,15:00-16:00,cashier,331.17,4
2026-06-19,15:00-16:00,replenishment,247.85,5
2026-06-19,16:00-17:00,aquatic,683.37,8
2026-06-19,16:00-17:00,meat,851.29,13
2026-06-19,16:00-17:00,produce,469.52,7
2026-06-19,16:00-17:00,cashier,321.81,4
2026-06-19,16:00-17:00,replenishment,229.73,3
2026-06-19,17:00-18:00,aquatic,787.23,10
2026-06-19,17:00-18:00,meat,1052.76,19
2026-06-19,17:00-18:00,produce,573.49,10
2026-06-19,17:00-18:00,cashier,365.27,7
2026-06-19,17:00-18:00,replenishment,256.08,4
2026-06-19,18:00-19:00,aquatic,1414.06,20
2026-06-19,18:00-19:00,meat,1860.45,35
2026-06-19,18:00-19:00,produce,1425.49,16
2026-06-19,18:00-19:00,cashier,859.35,12
2026-06-19,18:00-19:00,replenishment,560.26,7
2026-06-19,19:00-20:00,aquatic,1224.46,14
2026-06-19,19:00-20:00,meat,2033.27,30
2026-06-19,19:00-20:00,produce,1603.18,25
2026-06-19,19:00-20:00,cashier,903.18,11
2026-06-19,19:00-20:00,replenishment,536.39,9
2026-06-19,20:00-21:00,aquatic,1231.07,18
2026-06-19,20:00-21:00,meat,1684.82,32
2026-06-19,20:00-21:00,produce,798.52,14
2026-06-19,20:00-21:00,cashier,431.71,7
2026-06-19,20:00-21:00,replenishment,382.61,6
2026-06-19,21:00-22:00,aquatic,856.0,10
2026-06-19,21:00-22:00,meat,1158.97,19
2026-06-19,21:00-22:00,produce,655.53,9
2026-06-19,21:00-22:00,cashier,298.22,5
2026-06-19,21:00-22:00,replenishment,254.53,4
2026-06-20,08:00-09:00,aquatic,1021.27,12
2026-06-20,08:00-09:00,meat,1317.5,17
2026-06-20,08:00-09:00,produce,671.7,9
2026-06-20,08:00-09:00,cashier,370.53,5
2026-06-20,08:00-09:00,replenishment,359.56,7
2026-06-20,09:00-10:00,aquatic,1131.71,15
2026-06-20,09:00-10:00,meat,1718.69,23
2026-06-20,09:00-10:00,produce,907.27,14
2026-06-20,09:00-10:00,cashier,466.68,7
2026-06-20,09:00-10:00,replenishment,418.58,7
2026-06-20,10:00-11:00,aquatic,1432.61,21
2026-06-20,10:00-11:00,meat,1909.96,25
2026-06-20,10:00-11:00,produce,986.19,19
2026-06-20,10:00-11:00,cashier,486.07,7
2026-06-20,10:00-11:00,replenishment,418.02,7
2026-06-20,11:00-12:00,aquatic,1300.32,21
2026-06-20,11:00-12:00,meat,1864.64,23
2026-06-20,11:00-12:00,produce,1163.64,13
2026-06-20,11:00-12:00,cashier,497.97,8
2026-06-20,11:00-12:00,replenishment,427.77,7
2026-06-20,12:00-13:00,aquatic,1372.06,23
2026-06-20,12:00-13:00,meat,1779.42,33
2026-06-20,12:00-13:00,produce,1082.31,17
2026-06-20,12:00-13:00,cashier,828.52,14
2026-06-20,12:00-13:00,replenishment,512.63,9
2026-06-20,13:00-14:00,aquatic,1194.77,16
2026-06-20,13:00-14:00,meat,1651.68,21
2026-06-20,13:00-14:00,produce,1049.45,15
2026-06-20,13:00-14:00,cashier,671.75,11
2026-06-20,13:00-14:00,replenishment,359.92,4
2026-06-20,14:00-15:00,aquatic,1009.65,11
2026-06-20,14:00-15:00,meat,1280.36,20
2026-06-20,14:00-15:00,produce,726.74,10
2026-06-20,14:00-15:00,cashier,499.39,7
2026-06-20,14:00-15:00,replenishment,333.04,5
2026-06-20,15:00-16:00,aquatic,973.86,14
2026-06-20,15:00-16:00,meat,1365.55,17
2026-06-20,15:00-16:00,produce,793.18,12
2026-06-20,15:00-16:00,cashier,380.31,5
2026-06-20,15:00-16:00,replenishment,267.07,4
2026-06-20,16:00-17:00,aquatic,659.28,9
2026-06-20,16:00-17:00,meat,1133.29,19
2026-06-20,16:00-17:00,produce,722.44,9
2026-06-20,16:00-17:00,cashier,297.58,3
2026-06-20,16:00-17:00,replenishment,243.98,3
2026-06-20,17:00-18:00,aquatic,839.42,10
2026-06-20,17:00-18:00,meat,1318.7,23
2026-06-20,17:00-18:00,produce,737.01,11
2026-06-20,17:00-18:00,cashier,338.53,6
2026-06-20,17:00-18:00,replenishment,279.27,4
2026-06-20,18:00-19:00,aquatic,1492.49,20
2026-06-20,18:00-19:00,meat,2109.77,33
2026-06-20,18:00-19:00,produce,1823.84,32
2026-06-20,18:00-19:00,cashier,1079.27,14
2026-06-20,18:00-19:00,replenishment,568.37,9
2026-06-20,19:00-20:00,aquatic,1799.32,25
2026-06-20,19:00-20:00,meat,2417.46,39
2026-06-20,19:00-20:00,produce,1942.59,30
2026-06-20,19:00-20:00,cashier,995.75,11
2026-06-20,19:00-20:00,replenishment,615.68,8
2026-06-20,20:00-21:00,aquatic,1345.17,17
2026-06-20,20:00-21:00,meat,1501.49,22
2026-06-20,20:00-21:00,produce,1197.13,15
2026-06-20,20:00-21:00,cashier,606.4,8
2026-06-20,20:00-21:00,replenishment,447.9,6
2026-06-20,21:00-22:00,aquatic,794.82,11
2026-06-20,21:00-22:00,meat,1269.0,15
2026-06-20,21:00-22:00,produce,657.33,9
2026-06-20,21:00-22:00,cashier,336.91,4
2026-06-20,21:00-22:00,replenishment,259.59,5
2026-06-21,08:00-09:00,aquatic,994.15,18
2026-06-21,08:00-09:00,meat,1443.01,22
2026-06-21,08:00-09:00,produce,633.26,7
2026-06-21,08:00-09:00,cashier,346.9,4
2026-06-21,08:00-09:00,replenishment,264.25,5
2026-06-21,09:00-10:00,aquatic,1109.97,18
2026-06-21,09:00-10:00,meat,1635.92,23
2026-06-21,09:00-10:00,produce,736.42,13
2026-06-21,09:00-10:00,cashier,467.43,7
2026-06-21,09:00-10:00,replenishment,358.03,4
2026-06-21,10:00-11:00,aquatic,1247.54,16
2026-06-21,10:00-11:00,meat,1719.24,23
2026-06-21,10:00-11:00,produce,884.99,15
2026-06-21,10:00-11:00,cashier,529.06,9
2026-06-21,10:00-11:00,replenishment,445.33,7
2026-06-21,11:00-12:00,aquatic,1095.94,19
2026-06-21,11:00-12:00,meat,1724.93,28
2026-06-21,11:00-12:00,produce,930.77,11
2026-06-21,11:00-12:00,cashier,566.08,9
2026-06-21,11:00-12:00,replenishment,345.76,4
2026-06-21,12:00-13:00,aquatic,1240.55,14
2026-06-21,12:00-13:00,meat,1958.23,22
2026-06-21,12:00-13:00,produce,1170.51,19
2026-06-21,12:00-13:00,cashier,696.22,9
2026-06-21,12:00-13:00,replenishment,409.23,6
2026-06-21,13:00-14:00,aquatic,1084.51,16
2026-06-21,13:00-14:00,meat,1479.76,21
2026-06-21,13:00-14:00,produce,1101.66,14
2026-06-21,13:00-14:00,cashier,556.1,7
2026-06-21,13:00-14:00,replenishment,400.16,7
2026-06-21,14:00-15:00,aquatic,983.69,14
2026-06-21,14:00-15:00,meat,1353.8,26
2026-06-21,14:00-15:00,produce,759.71,10
2026-06-21,14:00-15:00,cashier,366.15,5
2026-06-21,14:00-15:00,replenishment,265.68,4
2026-06-21,15:00-16:00,aquatic,924.43,14
2026-06-21,15:00-16:00,meat,1285.95,15
2026-06-21,15:00-16:00,produce,677.88,12
2026-06-21,15:00-16:00,cashier,414.66,7
2026-06-21,15:00-16:00,replenishment,284.95,3
2026-06-21,16:00-17:00,aquatic,615.54,8
2026-06-21,16:00-17:00,meat,985.28,12
2026-06-21,16:00-17:00,produce,661.64,8
2026-06-21,16:00-17:00,cashier,281.59,3
2026-06-21,16:00-17:00,replenishment,211.24,2
2026-06-21,17:00-18:00,aquatic,941.16,14
2026-06-21,17:00-18:00,meat,1135.92,13
2026-06-21,17:00-18:00,produce,777.12,9
2026-06-21,17:00-18:00,cashier,405.14,8
2026-06-21,17:00-18:00,replenishment,278.57,5
2026-06-21,18:00-19:00,aquatic,1607.44,26
2026-06-21,18:00-19:00,meat,2236.12,31
2026-06-21,18:00-19:00,produce,1635.01,19
2026-06-21,18:00-19:00,cashier,965.61,14
2026-06-21,18:00-19:00,replenishment,509.84,9
2026-06-21,19:00-20:00,aquatic,1367.0,20
2026-06-21,19:00-20:00,meat,1958.67,34
2026-06-21,19:00-20:00,produce,1764.72,22
2026-06-21,19:00-20:00,cashier,896.67,11
2026-06-21,19:00-20:00,replenishment,503.41,6
2026-06-21,20:00-21:00,aquatic,1309.36,16
2026-06-21,20:00-21:00,meat,1632.45,31
2026-06-21,20:00-21:00,produce,1024.51,18
2026-06-21,20:00-21:00,cashier,463.94,7
2026-06-21,20:00-21:00,replenishment,360.52,6
2026-06-21,21:00-22:00,aquatic,754.02,9
2026-06-21,21:00-22:00,meat,1292.44,21
2026-06-21,21:00-22:00,produce,728.14,14
2026-06-21,21:00-22:00,cashier,380.78,5
2026-06-21,21:00-22:00,replenishment,237.14,4
2026-06-22,08:00-09:00,aquatic,763.05,12
2026-06-22,08:00-09:00,meat,1050.79,12
2026-06-22,08:00-09:00,produce,477.48,8
2026-06-22,08:00-09:00,cashier,212.45,2
2026-06-22,08:00-09:00,replenishment,219.61,3
2026-06-22,09:00-10:00,aquatic,857.13,15
2026-06-22,09:00-10:00,meat,1075.15,13
2026-06-22,09:00-10:00,produce,619.03,9
2026-06-22,09:00-10:00,cashier,324.73,5
2026-06-22,09:00-10:00,replenishment,291.24,4
2026-06-22,10:00-11:00,aquatic,823.97,14
2026-06-22,10:00-11:00,meat,1345.53,16
2026-06-22,10:00-11:00,produce,655.92,10
2026-06-22,10:00-11:00,cashier,424.45,8
2026-06-22,10:00-11:00,replenishment,305.78,6
2026-06-22,11:00-12:00,aquatic,912.87,13
2026-06-22,11:00-12:00,meat,1277.26,23
2026-06-22,11:00-12:00,produce,711.33,10
2026-06-22,11:00-12:00,cashier,353.95,6
2026-06-22,11:00-12:00,replenishment,307.48,6
2026-06-22,12:00-13:00,aquatic,993.08,12
2026-06-22,12:00-13:00,meat,1355.79,19
2026-06-22,12:00-13:00,produce,814.31,16
2026-06-22,12:00-13:00,cashier,565.54,7
2026-06-22,12:00-13:00,replenishment,352.1,5
2026-06-22,13:00-14:00,aquatic,985.44,12
2026-06-22,13:00-14:00,meat,1279.37,25
2026-06-22,13:00-14:00,produce,715.02,14
2026-06-22,13:00-14:00,cashier,551.15,6
2026-06-22,13:00-14:00,replenishment,261.21,3
2026-06-22,14:00-15:00,aquatic,618.85,9
2026-06-22,14:00-15:00,meat,1080.69,13
2026-06-22,14:00-15:00,produce,686.1,9
2026-06-22,14:00-15:00,cashier,312.35,3
2026-06-22,14:00-15:00,replenishment,231.54,3
2026-06-22,15:00-16:00,aquatic,706.88,11
2026-06-22,15:00-16:00,meat,922.97,12
2026-06-22,15:00-16:00,produce,531.19,7
2026-06-22,15:00-16:00,cashier,267.21,5
2026-06-22,15:00-16:00,replenishment,212.35,3
2026-06-22,16:00-17:00,aquatic,576.91,10
2026-06-22,16:00-17:00,meat,638.28,13
2026-06-22,16:00-17:00,produce,422.78,5
2026-06-22,16:00-17:00,cashier,243.2,3
2026-06-22,16:00-17:00,replenishment,197.46,3
2026-06-22,17:00-18:00,aquatic,600.92,10
2026-06-22,17:00-18:00,meat,989.82,13
2026-06-22,17:00-18:00,produce,464.02,6
2026-06-22,17:00-18:00,cashier,273.22,3
2026-06-22,17:00-18:00,replenishment,234.18,5
2026-06-22,18:00-19:00,aquatic,984.77,18
2026-06-22,18:00-19:00,meat,1290.11,17
2026-06-22,18:00-19:00,produce,1336.84,26
2026-06-22,18:00-19:00,cashier,720.49,11
2026-06-22,18:00-19:00,replenishment,397.57,7
2026-06-22,19:00-20:00,aquatic,1297.67,25
2026-06-22,19:00-20:00,meat,1626.9,26
2026-06-22,19:00-20:00,produce,1387.58,18
2026-06-22,19:00-20:00,cashier,639.27,9
2026-06-22,19:00-20:00,replenishment,451.2,7
2026-06-22,20:00-21:00,aquatic,846.48,15
2026-06-22,20:00-21:00,meat,1310.08,22
2026-06-22,20:00-21:00,produce,705.11,13
2026-06-22,20:00-21:00,cashier,453.82,5
2026-06-22,20:00-21:00,replenishment,337.04,4
2026-06-22,21:00-22:00,aquatic,616.24,9
2026-06-22,21:00-22:00,meat,998.98,11
2026-06-22,21:00-22:00,produce,551.99,7
2026-06-22,21:00-22:00,cashier,264.77,4
2026-06-22,21:00-22:00,replenishment,187.9,3
2026-06-23,08:00-09:00,aquatic,871.82,13
2026-06-23,08:00-09:00,meat,1160.04,19
2026-06-23,08:00-09:00,produce,478.02,6
2026-06-23,08:00-09:00,cashier,269.86,4
2026-06-23,08:00-09:00,replenishment,266.84,4
2026-06-23,09:00-10:00,aquatic,833.25,14
2026-06-23,09:00-10:00,meat,1093.2,14
2026-06-23,09:00-10:00,produce,676.0,8
2026-06-23,09:00-10:00,cashier,280.88,4
2026-06-23,09:00-10:00,replenishment,261.26,4
2026-06-23,10:00-11:00,aquatic,946.89,13
2026-06-23,10:00-11:00,meat,1390.11,24
2026-06-23,10:00-11:00,produce,808.88,10
2026-06-23,10:00-11:00,cashier,407.06,6
2026-06-23,10:00-11:00,replenishment,333.25,5
2026-06-23,11:00-12:00,aquatic,1023.4,20
2026-06-23,11:00-12:00,meat,1413.93,16
2026-06-23,11:00-12:00,produce,663.9,7
2026-06-23,11:00-12:00,cashier,397.47,7
2026-06-23,11:00-12:00,replenishment,309.4,5
2026-06-23,12:00-13:00,aquatic,1113.29,15
2026-06-23,12:00-13:00,meat,1488.65,23
2026-06-23,12:00-13:00,produce,833.33,13
2026-06-23,12:00-13:00,cashier,531.08,8
2026-06-23,12:00-13:00,replenishment,329.73,6
2026-06-23,13:00-14:00,aquatic,1029.96,15
2026-06-23,13:00-14:00,meat,1377.4,16
2026-06-23,13:00-14:00,produce,720.91,11
2026-06-23,13:00-14:00,cashier,489.0,8
2026-06-23,13:00-14:00,replenishment,268.13,4
2026-06-23,14:00-15:00,aquatic,813.91,11
2026-06-23,14:00-15:00,meat,975.27,17
2026-06-23,14:00-15:00,produce,569.38,9
2026-06-23,14:00-15:00,cashier,352.0,5
2026-06-23,14:00-15:00,replenishment,251.13,3
2026-06-23,15:00-16:00,aquatic,584.13,7
2026-06-23,15:00-16:00,meat,997.46,13
2026-06-23,15:00-16:00,produce,523.52,9
2026-06-23,15:00-16:00,cashier,304.78,5
2026-06-23,15:00-16:00,replenishment,223.88,3
2026-06-23,16:00-17:00,aquatic,607.54,8
2026-06-23,16:00-17:00,meat,781.91,15
2026-06-23,16:00-17:00,produce,387.07,5
2026-06-23,16:00-17:00,cashier,272.05,4
2026-06-23,16:00-17:00,replenishment,194.27,3
2026-06-23,17:00-18:00,aquatic,694.74,12
2026-06-23,17:00-18:00,meat,929.38,18
2026-06-23,17:00-18:00,produce,525.9,8
2026-06-23,17:00-18:00,cashier,289.9,4
2026-06-23,17:00-18:00,replenishment,217.34,3
2026-06-23,18:00-19:00,aquatic,1076.06,21
2026-06-23,18:00-19:00,meat,1523.24,30
2026-06-23,18:00-19:00,produce,1271.12,21
2026-06-23,18:00-19:00,cashier,768.26,15
2026-06-23,18:00-19:00,replenishment,472.59,6
2026-06-23,19:00-20:00,aquatic,1277.46,15
2026-06-23,19:00-20:00,meat,1433.42,27
2026-06-23,19:00-20:00,produce,1133.99,20
2026-06-23,19:00-20:00,cashier,681.37,8
2026-06-23,19:00-20:00,replenishment,399.05,6
2026-06-23,20:00-21:00,aquatic,865.72,13
2026-06-23,20:00-21:00,meat,1274.38,14
2026-06-23,20:00-21:00,produce,688.32,9
2026-06-23,20:00-21:00,cashier,441.74,6
2026-06-23,20:00-21:00,replenishment,332.24,4
2026-06-23,21:00-22:00,aquatic,553.17,8
2026-06-23,21:00-22:00,meat,888.83,17
2026-06-23,21:00-22:00,produce,447.74,8
2026-06-23,21:00-22:00,cashier,279.99,4
2026-06-23,21:00-22:00,replenishment,227.92,3
2026-06-24,08:00-09:00,aquatic,896.98,17
2026-06-24,08:00-09:00,meat,1058.87,20
2026-06-24,08:00-09:00,produce,411.04,5
2026-06-24,08:00-09:00,cashier,267.9,4
2026-06-24,08:00-09:00,replenishment,202.17,4
2026-06-24,09:00-10:00,aquatic,1055.5,12
2026-06-24,09:00-10:00,meat,1222.86,24
2026-06-24,09:00-10:00,produce,677.18,11
2026-06-24,09:00-10:00,cashier,364.3,5
2026-06-24,09:00-10:00,replenishment,309.79,4
2026-06-24,10:00-11:00,aquatic,872.54,16
2026-06-24,10:00-11:00,meat,1123.42,19
2026-06-24,10:00-11:00,produce,825.3,13
2026-06-24,10:00-11:00,cashier,447.58,7
2026-06-24,10:00-11:00,replenishment,323.0,6
2026-06-24,11:00-12:00,aquatic,1031.89,13
2026-06-24,11:00-12:00,meat,1250.3,14
2026-06-24,11:00-12:00,produce,649.58,10
2026-06-24,11:00-12:00,cashier,440.64,7
2026-06-24,11:00-12:00,replenishment,324.21,4
2026-06-24,12:00-13:00,aquatic,959.32,12
2026-06-24,12:00-13:00,meat,1180.97,19
2026-06-24,12:00-13:00,produce,946.92,14
2026-06-24,12:00-13:00,cashier,547.26,6
2026-06-24,12:00-13:00,replenishment,323.25,4
2026-06-24,13:00-14:00,aquatic,943.38,18
2026-06-24,13:00-14:00,meat,1294.48,16
2026-06-24,13:00-14:00,produce,797.95,15
2026-06-24,13:00-14:00,cashier,430.21,5
2026-06-24,13:00-14:00,replenishment,312.05,4
2026-06-24,14:00-15:00,aquatic,680.4,13
2026-06-24,14:00-15:00,meat,851.56,14
2026-06-24,14:00-15:00,produce,574.79,9
2026-06-24,14:00-15:00,cashier,284.72,5
2026-06-24,14:00-15:00,replenishment,236.32,3
2026-06-24,15:00-16:00,aquatic,612.62,12
2026-06-24,15:00-16:00,meat,836.65,16
2026-06-24,15:00-16:00,produce,540.44,9
2026-06-24,15:00-16:00,cashier,270.36,4
2026-06-24,15:00-16:00,replenishment,202.93,4
2026-06-24,16:00-17:00,aquatic,604.98,7
2026-06-24,16:00-17:00,meat,857.59,12
2026-06-24,16:00-17:00,produce,405.39,6
2026-06-24,16:00-17:00,cashier,214.0,3
2026-06-24,16:00-17:00,replenishment,179.63,3
2026-06-24,17:00-18:00,aquatic,617.65,9
2026-06-24,17:00-18:00,meat,870.86,16
2026-06-24,17:00-18:00,produce,485.89,8
2026-06-24,17:00-18:00,cashier,290.5,4
2026-06-24,17:00-18:00,replenishment,190.82,4
2026-06-24,18:00-19:00,aquatic,1016.71,12
2026-06-24,18:00-19:00,meat,1424.5,19
2026-06-24,18:00-19:00,produce,1374.94,22
2026-06-24,18:00-19:00,cashier,638.68,8
2026-06-24,18:00-19:00,replenishment,478.59,5
2026-06-24,19:00-20:00,aquatic,1042.28,17
2026-06-24,19:00-20:00,meat,1843.05,32
2026-06-24,19:00-20:00,produce,1196.84,14
2026-06-24,19:00-20:00,cashier,771.06,13
2026-06-24,19:00-20:00,replenishment,454.09,7
2026-06-24,20:00-21:00,aquatic,920.49,15
2026-06-24,20:00-21:00,meat,1203.52,15
2026-06-24,20:00-21:00,produce,725.91,13
2026-06-24,20:00-21:00,cashier,407.66,6
2026-06-24,20:00-21:00,replenishment,304.11,4
2026-06-24,21:00-22:00,aquatic,639.47,7
2026-06-24,21:00-22:00,meat,864.93,11
2026-06-24,21:00-22:00,produce,515.31,8
2026-06-24,21:00-22:00,cashier,296.2,4
2026-06-24,21:00-22:00,replenishment,228.63,3
2026-06-25,08:00-09:00,aquatic,850.32,11
2026-06-25,08:00-09:00,meat,1017.17,13
2026-06-25,08:00-09:00,produce,503.01,6
2026-06-25,08:00-09:00,cashier,219.79,2
2026-06-25,08:00-09:00,replenishment,244.17,4
2026-06-25,09:00-10:00,aquatic,984.75,11
2026-06-25,09:00-10:00,meat,1332.47,19
2026-06-25,09:00-10:00,produce,684.95,11
2026-06-25,09:00-10:00,cashier,375.87,5
2026-06-25,09:00-10:00,replenishment,314.94,6
2026-06-25,10:00-11:00,aquatic,1021.25,13
2026-06-25,10:00-11:00,meat,1255.41,17
2026-06-25,10:00-11:00,produce,679.84,8
2026-06-25,10:00-11:00,cashier,442.36,7
2026-06-25,10:00-11:00,replenishment,338.88,4
2026-06-25,11:00-12:00,aquatic,925.28,18
2026-06-25,11:00-12:00,meat,1217.5,17
2026-06-25,11:00-12:00,produce,791.94,11
2026-06-25,11:00-12:00,cashier,429.48,6
2026-06-25,11:00-12:00,replenishment,304.71,4
2026-06-25,12:00-13:00,aquatic,1067.13,15
2026-06-25,12:00-13:00,meat,1376.6,27
2026-06-25,12:00-13:00,produce,763.48,11
2026-06-25,12:00-13:00,cashier,683.79,13
2026-06-25,12:00-13:00,replenishment,392.31,7
2026-06-25,13:00-14:00,aquatic,891.67,13
2026-06-25,13:00-14:00,meat,1197.08,17
2026-06-25,13:00-14:00,produce,781.87,12
2026-06-25,13:00-14:00,cashier,533.75,9
2026-06-25,13:00-14:00,replenishment,296.12,4
2026-06-25,14:00-15:00,aquatic,668.7,8
2026-06-25,14:00-15:00,meat,1096.61,14
2026-06-25,14:00-15:00,produce,566.56,6
2026-06-25,14:00-15:00,cashier,310.19,5
2026-06-25,14:00-15:00,replenishment,226.31,3
2026-06-25,15:00-16:00,aquatic,752.48,13
2026-06-25,15:00-16:00,meat,892.58,16
2026-06-25,15:00-16:00,produce,574.48,9
2026-06-25,15:00-16:00,cashier,252.47,3
2026-06-25,15:00-16:00,replenishment,200.48,3
2026-06-25,16:00-17:00,aquatic,548.09,7
2026-06-25,16:00-17:00,meat,717.99,9
2026-06-25,16:00-17:00,produce,516.26,10
2026-06-25,16:00-17:00,cashier,221.89,3
2026-06-25,16:00-17:00,replenishment,171.25,3
2026-06-25,17:00-18:00,aquatic,653.08,11
2026-06-25,17:00-18:00,meat,1018.7,14
2026-06-25,17:00-18:00,produce,574.26,8
2026-06-25,17:00-18:00,cashier,303.82,4
2026-06-25,17:00-18:00,replenishment,210.44,3
2026-06-25,18:00-19:00,aquatic,1173.93,14
2026-06-25,18:00-19:00,meat,1672.33,27
2026-06-25,18:00-19:00,produce,1368.44,26
2026-06-25,18:00-19:00,cashier,628.11,11
2026-06-25,18:00-19:00,replenishment,427.12,7
2026-06-25,19:00-20:00,aquatic,1299.79,18
2026-06-25,19:00-20:00,meat,1664.4,30
2026-06-25,19:00-20:00,produce,1284.44,22
2026-06-25,19:00-20:00,cashier,738.65,10
2026-06-25,19:00-20:00,replenishment,470.08,5
2026-06-25,20:00-21:00,aquatic,960.57,14
2026-06-25,20:00-21:00,meat,1170.87,19
2026-06-25,20:00-21:00,produce,775.92,15
2026-06-25,20:00-21:00,cashier,402.24,8
2026-06-25,20:00-21:00,replenishment,280.65,3
2026-06-25,21:00-22:00,aquatic,753.55,11
2026-06-25,21:00-22:00,meat,917.36,12
2026-06-25,21:00-22:00,produce,537.3,6
2026-06-25,21:00-22:00,cashier,293.0,5
2026-06-25,21:00-22:00,replenishment,189.47,2
2026-06-26,08:00-09:00,aquatic,911.37,15
2026-06-26,08:00-09:00,meat,1274.22,22
2026-06-26,08:00-09:00,produce,533.09,7
2026-06-26,08:00-09:00,cashier,310.98,4
2026-06-26,08:00-09:00,replenishment,248.22,5
2026-06-26,09:00-10:00,aquatic,1215.9,15
2026-06-26,09:00-10:00,meat,1382.48,17
2026-06-26,09:00-10:00,produce,620.99,8
2026-06-26,09:00-10:00,cashier,389.34,4
2026-06-26,09:00-10:00,replenishment,304.38,4
2026-06-26,10:00-11:00,aquatic,1161.44,19
2026-06-26,10:00-11:00,meat,1724.69,25
2026-06-26,10:00-11:00,produce,859.12,10
2026-06-26,10:00-11:00,cashier,471.23,5
2026-06-26,10:00-11:00,replenishment,389.77,7
2026-06-26,11:00-12:00,aquatic,1180.67,16
2026-06-26,11:00-12:00,meat,1432.78,18
2026-06-26,11:00-12:00,produce,935.85,17
2026-06-26,11:00-12:00,cashier,428.05,7
2026-06-26,11:00-12:00,replenishment,328.35,6
2026-06-26,12:00-13:00,aquatic,1134.83,19
2026-06-26,12:00-13:00,meat,1669.19,27
2026-06-26,12:00-13:00,produce,1050.6,17
2026-06-26,12:00-13:00,cashier,638.49,8
2026-06-26,12:00-13:00,replenishment,453.68,6
2026-06-26,13:00-14:00,aquatic,948.85,11
2026-06-26,13:00-14:00,meat,1628.56,19
2026-06-26,13:00-14:00,produce,1032.97,12
2026-06-26,13:00-14:00,cashier,511.53,6
2026-06-26,13:00-14:00,replenishment,332.97,4
2026-06-26,14:00-15:00,aquatic,949.14,12
2026-06-26,14:00-15:00,meat,1263.44,18
2026-06-26,14:00-15:00,produce,736.72,12
2026-06-26,14:00-15:00,cashier,374.12,5
2026-06-26,14:00-15:00,replenishment,299.55,4
2026-06-26,15:00-16:00,aquatic,663.71,9
2026-06-26,15:00-16:00,meat,980.14,11
2026-06-26,15:00-16:00,produce,605.25,7
2026-06-26,15:00-16:00,cashier,318.59,6
2026-06-26,15:00-16:00,replenishment,272.72,3
2026-06-26,16:00-17:00,aquatic,692.89,10
2026-06-26,16:00-17:00,meat,944.32,15
2026-06-26,16:00-17:00,produce,469.26,7
2026-06-26,16:00-17:00,cashier,263.62,4
2026-06-26,16:00-17:00,replenishment,197.33,3
2026-06-26,17:00-18:00,aquatic,830.47,13
2026-06-26,17:00-18:00,meat,1074.55,15
2026-06-26,17:00-18:00,produce,627.23,10
2026-06-26,17:00-18:00,cashier,354.4,7
2026-06-26,17:00-18:00,replenishment,221.73,3
2026-06-26,18:00-19:00,aquatic,1280.29,23
2026-06-26,18:00-19:00,meat,1993.13,29
2026-06-26,18:00-19:00,produce,1285.51,15
2026-06-26,18:00-19:00,cashier,734.38,9
2026-06-26,18:00-19:00,replenishment,461.16,6
2026-06-26,19:00-20:00,aquatic,1260.36,14
2026-06-26,19:00-20:00,meat,1817.8,24
2026-06-26,19:00-20:00,produce,1407.1,22
2026-06-26,19:00-20:00,cashier,909.47,16
2026-06-26,19:00-20:00,replenishment,498.79,8
2026-06-26,20:00-21:00,aquatic,1144.62,19
2026-06-26,20:00-21:00,meat,1569.97,20
2026-06-26,20:00-21:00,produce,765.29,11
2026-06-26,20:00-21:00,cashier,427.11,7
2026-06-26,20:00-21:00,replenishment,379.44,8
2026-06-26,21:00-22:00,aquatic,800.36,10
2026-06-26,21:00-22:00,meat,1203.77,18
2026-06-26,21:00-22:00,produce,560.48,11
2026-06-26,21:00-22:00,cashier,324.21,4
2026-06-26,21:00-22:00,replenishment,221.94,4
2026-06-27,08:00-09:00,aquatic,1263.61,23
2026-06-27,08:00-09:00,meat,1590.6,20
2026-06-27,08:00-09:00,produce,560.66,6
2026-06-27,08:00-09:00,cashier,300.0,4
2026-06-27,08:00-09:00,replenishment,279.29,4
2026-06-27,09:00-10:00,aquatic,1286.85,16
2026-06-27,09:00-10:00,meat,1744.55,31
2026-06-27,09:00-10:00,produce,817.75,11
2026-06-27,09:00-10:00,cashier,496.38,9
2026-06-27,09:00-10:00,replenishment,354.87,4
2026-06-27,10:00-11:00,aquatic,1293.86,20
2026-06-27,10:00-11:00,meat,1993.21,32
2026-06-27,10:00-11:00,produce,936.55,15
2026-06-27,10:00-11:00,cashier,490.15,7
2026-06-27,10:00-11:00,replenishment,432.6,6
2026-06-27,11:00-12:00,aquatic,1365.45,18
2026-06-27,11:00-12:00,meat,1932.64,25
2026-06-27,11:00-12:00,produce,987.52,14
2026-06-27,11:00-12:00,cashier,561.6,7
2026-06-27,11:00-12:00,replenishment,394.24,8
2026-06-27,12:00-13:00,aquatic,1551.45,18
2026-06-27,12:00-13:00,meat,1922.05,35
2026-06-27,12:00-13:00,produce,1154.86,16
2026-06-27,12:00-13:00,cashier,807.6,9
2026-06-27,12:00-13:00,replenishment,529.48,6
2026-06-27,13:00-14:00,aquatic,1120.89,13
2026-06-27,13:00-14:00,meat,1785.9,28
2026-06-27,13:00-14:00,produce,1107.63,14
2026-06-27,13:00-14:00,cashier,763.62,9
2026-06-27,13:00-14:00,replenishment,359.1,7
2026-06-27,14:00-15:00,aquatic,936.08,18
2026-06-27,14:00-15:00,meat,1215.4,15
2026-06-27,14:00-15:00,produce,841.67,11
2026-06-27,14:00-15:00,cashier,448.14,7
2026-06-27,14:00-15:00,replenishment,356.34,7
2026-06-27,15:00-16:00,aquatic,891.68,12
2026-06-27,15:00-16:00,meat,1143.22,18
2026-06-27,15:00-16:00,produce,737.49,13
2026-06-27,15:00-16:00,cashier,428.23,6
2026-06-27,15:00-16:00,replenishment,284.36,4
2026-06-27,16:00-17:00,aquatic,831.87,11
2026-06-27,16:00-17:00,meat,913.33,12
2026-06-27,16:00-17:00,produce,673.46,8
2026-06-27,16:00-17:00,cashier,291.44,5
2026-06-27,16:00-17:00,replenishment,247.05,4
2026-06-27,17:00-18:00,aquatic,910.8,15
2026-06-27,17:00-18:00,meat,1313.82,16
2026-06-27,17:00-18:00,produce,651.09,8
2026-06-27,17:00-18:00,cashier,415.7,7
2026-06-27,17:00-18:00,replenishment,333.96,5
2026-06-27,18:00-19:00,aquatic,1640.36,21
2026-06-27,18:00-19:00,meat,1890.19,34
2026-06-27,18:00-19:00,produce,1912.77,31
2026-06-27,18:00-19:00,cashier,1049.86,13
2026-06-27,18:00-19:00,replenishment,519.41,6
2026-06-27,19:00-20:00,aquatic,1525.95,29
2026-06-27,19:00-20:00,meat,2419.91,33
2026-06-27,19:00-20:00,produce,1549.35,23
2026-06-27,19:00-20:00,cashier,906.69,13
2026-06-27,19:00-20:00,replenishment,612.65,9
2026-06-27,20:00-21:00,aquatic,1167.43,22
2026-06-27,20:00-21:00,meat,1788.8,23
2026-06-27,20:00-21:00,produce,964.45,14
2026-06-27,20:00-21:00,cashier,483.4,6
2026-06-27,20:00-21:00,replenishment,387.81,6
2026-06-27,21:00-22:00,aquatic,851.04,15
2026-06-27,21:00-22:00,meat,1383.45,16
2026-06-27,21:00-22:00,produce,746.66,9
2026-06-27,21:00-22:00,cashier,420.3,6
2026-06-27,21:00-22:00,replenishment,278.28,4
2026-06-28,08:00-09:00,aquatic,1122.59,18
2026-06-28,08:00-09:00,meat,1192.14,18
2026-06-28,08:00-09:00,produce,585.36,7
2026-06-28,08:00-09:00,cashier,281.99,3
2026-06-28,08:00-09:00,replenishment,348.13,4
2026-06-28,09:00-10:00,aquatic,1059.44,15
2026-06-28,09:00-10:00,meat,1458.12,17
2026-06-28,09:00-10:00,produce,739.59,10
2026-06-28,09:00-10:00,cashier,354.59,6
2026-06-28,09:00-10:00,replenishment,381.57,6
2026-06-28,10:00-11:00,aquatic,1213.07,18
2026-06-28,10:00-11:00,meat,1669.7,24
2026-06-28,10:00-11:00,produce,1054.74,18
2026-06-28,10:00-11:00,cashier,582.47,7
2026-06-28,10:00-11:00,replenishment,360.18,7
2026-06-28,11:00-12:00,aquatic,1138.42,19
2026-06-28,11:00-12:00,meat,1550.13,19
2026-06-28,11:00-12:00,produce,1085.33,12
2026-06-28,11:00-12:00,cashier,442.23,6
2026-06-28,11:00-12:00,replenishment,430.83,5
2026-06-28,12:00-13:00,aquatic,1134.08,16
2026-06-28,12:00-13:00,meat,1647.09,24
2026-06-28,12:00-13:00,produce,930.9,10
2026-06-28,12:00-13:00,cashier,790.82,15
2026-06-28,12:00-13:00,replenishment,483.22,6
2026-06-28,13:00-14:00,aquatic,1176.94,15
2026-06-28,13:00-14:00,meat,1562.84,18
2026-06-28,13:00-14:00,produce,853.58,16
2026-06-28,13:00-14:00,cashier,555.39,7
2026-06-28,13:00-14:00,replenishment,340.26,5
2026-06-28,14:00-15:00,aquatic,917.74,10
2026-06-28,14:00-15:00,meat,1197.34,20
2026-06-28,14:00-15:00,produce,736.71,9
2026-06-28,14:00-15:00,cashier,441.05,6
2026-06-28,14:00-15:00,replenishment,294.97,5
2026-06-28,15:00-16:00,aquatic,714.5,12
2026-06-28,15:00-16:00,meat,1233.03,17
2026-06-28,15:00-16:00,produce,611.95,11
2026-06-28,15:00-16:00,cashier,360.29,5
2026-06-28,15:00-16:00,replenishment,275.94,3
2026-06-28,16:00-17:00,aquatic,640.43,10
2026-06-28,16:00-17:00,meat,906.26,17
2026-06-28,16:00-17:00,produce,524.91,7
2026-06-28,16:00-17:00,cashier,342.55,4
2026-06-28,16:00-17:00,replenishment,201.73,2
2026-06-28,17:00-18:00,aquatic,776.69,14
2026-06-28,17:00-18:00,meat,1051.58,16
2026-06-28,17:00-18:00,produce,685.26,9
2026-06-28,17:00-18:00,cashier,337.81,4
2026-06-28,17:00-18:00,replenishment,234.6,4
2026-06-28,18:00-19:00,aquatic,1383.87,17
2026-06-28,18:00-19:00,meat,1803.66,26
2026-06-28,18:00-19:00,produce,1787.33,32
2026-06-28,18:00-19:00,cashier,745.69,9
2026-06-28,18:00-19:00,replenishment,642.9,12
2026-06-28,19:00-20:00,aquatic,1668.69,26
2026-06-28,19:00-20:00,meat,2195.08,29
2026-06-28,19:00-20:00,produce,1688.44,28
2026-06-28,19:00-20:00,cashier,961.25,19
2026-06-28,19:00-20:00,replenishment,484.83,6
2026-06-28,20:00-21:00,aquatic,1150.14,21
2026-06-28,20:00-21:00,meat,1822.48,22
2026-06-28,20:00-21:00,produce,925.73,18
2026-06-28,20:00-21:00,cashier,513.92,9
2026-06-28,20:00-21:00,replenishment,398.64,5
2026-06-28,21:00-22:00,aquatic,793.2,15
2026-06-28,21:00-22:00,meat,1200.02,21
2026-06-28,21:00-22:00,produce,624.09,11
2026-06-28,21:00-22:00,cashier,339.96,4
2026-06-28,21:00-22:00,replenishment,234.89,3
2026-06-29,08:00-09:00,aquatic,748.23,12
2026-06-29,08:00-09:00,meat,1022.28,14
2026-06-29,08:00-09:00,produce,390.73,6
2026-06-29,08:00-09:00,cashier,213.88,4
2026-06-29,08:00-09:00,replenishment,261.0,4
2026-06-29,09:00-10:00,aquatic,972.72,12
2026-06-29,09:00-10:00,meat,1306.14,15
2026-06-29,09:00-10:00,produce,650.74,10
2026-06-29,09:00-10:00,cashier,324.27,5
2026-06-29,09:00-10:00,replenishment,323.66,5
2026-06-29,10:00-11:00,aquatic,869.86,15
2026-06-29,10:00-11:00,meat,1182.08,20
2026-06-29,10:00-11:00,produce,839.05,10
2026-06-29,10:00-11:00,cashier,347.03,4
2026-06-29,10:00-11:00,replenishment,302.65,4
2026-06-29,11:00-12:00,aquatic,1034.89,12
2026-06-29,11:00-12:00,meat,1100.05,14
2026-06-29,11:00-12:00,produce,697.47,8
2026-06-29,11:00-12:00,cashier,450.07,9
2026-06-29,11:00-12:00,replenishment,344.68,6
2026-06-29,12:00-13:00,aquatic,1092.91,13
2026-06-29,12:00-13:00,meat,1315.11,16
2026-06-29,12:00-13:00,produce,910.44,16
2026-06-29,12:00-13:00,cashier,587.88,7
2026-06-29,12:00-13:00,replenishment,349.57,4
2026-06-29,13:00-14:00,aquatic,772.62,10
2026-06-29,13:00-14:00,meat,1417.83,20
2026-06-29,13:00-14:00,produce,764.2,13
2026-06-29,13:00-14:00,cashier,550.27,6
2026-06-29,13:00-14:00,replenishment,299.3,5
2026-06-29,14:00-15:00,aquatic,717.93,13
2026-06-29,14:00-15:00,meat,919.79,16
2026-06-29,14:00-15:00,produce,604.76,12
2026-06-29,14:00-15:00,cashier,360.12,6
2026-06-29,14:00-15:00,replenishment,213.4,3
2026-06-29,15:00-16:00,aquatic,709.15,8
2026-06-29,15:00-16:00,meat,828.69,16
2026-06-29,15:00-16:00,produce,538.64,6
2026-06-29,15:00-16:00,cashier,303.05,4
2026-06-29,15:00-16:00,replenishment,232.72,3
2026-06-29,16:00-17:00,aquatic,519.52,6
2026-06-29,16:00-17:00,meat,726.51,13
2026-06-29,16:00-17:00,produce,423.24,8
2026-06-29,16:00-17:00,cashier,215.34,2
2026-06-29,16:00-17:00,replenishment,195.76,2
2026-06-29,17:00-18:00,aquatic,658.2,12
2026-06-29,17:00-18:00,meat,998.05,13
2026-06-29,17:00-18:00,produce,592.54,7
2026-06-29,17:00-18:00,cashier,256.75,3
2026-06-29,17:00-18:00,replenishment,189.55,3
2026-06-29,18:00-19:00,aquatic,1141.07,21
2026-06-29,18:00-19:00,meat,1602.97,18
2026-06-29,18:00-19:00,produce,1429.61,22
2026-06-29,18:00-19:00,cashier,771.65,9
2026-06-29,18:00-19:00,replenishment,371.4,5
2026-06-29,19:00-20:00,aquatic,1317.78,15
2026-06-29,19:00-20:00,meat,1488.94,21
2026-06-29,19:00-20:00,produce,1433.55,26
2026-06-29,19:00-20:00,cashier,725.76,12
2026-06-29,19:00-20:00,replenishment,491.08,9
2026-06-29,20:00-21:00,aquatic,1004.04,19
2026-06-29,20:00-21:00,meat,1328.36,18
2026-06-29,20:00-21:00,produce,837.0,12
2026-06-29,20:00-21:00,cashier,371.83,6
2026-06-29,20:00-21:00,replenishment,261.1,4
2026-06-29,21:00-22:00,aquatic,555.92,11
2026-06-29,21:00-22:00,meat,845.06,11
2026-06-29,21:00-22:00,produce,598.88,7
2026-06-29,21:00-22:00,cashier,279.42,4
2026-06-29,21:00-22:00,replenishment,212.9,4
2026-06-30,08:00-09:00,aquatic,805.02,10
2026-06-30,08:00-09:00,meat,1097.56,14
2026-06-30,08:00-09:00,produce,404.46,8
2026-06-30,08:00-09:00,cashier,264.89,4
2026-06-30,08:00-09:00,replenishment,221.27,3
2026-06-30,09:00-10:00,aquatic,816.44,14
2026-06-30,09:00-10:00,meat,1155.16,15
2026-06-30,09:00-10:00,produce,608.47,7
2026-06-30,09:00-10:00,cashier,280.94,4
2026-06-30,09:00-10:00,replenishment,297.82,4
2026-06-30,10:00-11:00,aquatic,773.37,9
2026-06-30,10:00-11:00,meat,1124.37,13
2026-06-30,10:00-11:00,produce,672.85,12
2026-06-30,10:00-11:00,cashier,364.67,6
2026-06-30,10:00-11:00,replenishment,317.75,4
2026-06-30,11:00-12:00,aquatic,962.09,16
2026-06-30,11:00-12:00,meat,1168.07,20
2026-06-30,11:00-12:00,produce,648.67,9
2026-06-30,11:00-12:00,cashier,440.78,8
2026-06-30,11:00-12:00,replenishment,287.47,4
2026-06-30,12:00-13:00,aquatic,928.98,12
2026-06-30,12:00-13:00,meat,1416.34,24
2026-06-30,12:00-13:00,produce,707.62,12
2026-06-30,12:00-13:00,cashier,536.27,10
2026-06-30,12:00-13:00,replenishment,364.03,6
2026-06-30,13:00-14:00,aquatic,872.32,13
2026-06-30,13:00-14:00,meat,1310.39,24
2026-06-30,13:00-14:00,produce,759.93,13
2026-06-30,13:00-14:00,cashier,535.51,8
2026-06-30,13:00-14:00,replenishment,295.12,5
2026-06-30,14:00-15:00,aquatic,712.45,12
2026-06-30,14:00-15:00,meat,930.57,18
2026-06-30,14:00-15:00,produce,645.4,8
2026-06-30,14:00-15:00,cashier,280.23,4
2026-06-30,14:00-15:00,replenishment,242.98,3
2026-06-30,15:00-16:00,aquatic,646.96,9
2026-06-30,15:00-16:00,meat,964.46,12
2026-06-30,15:00-16:00,produce,512.18,7
2026-06-30,15:00-16:00,cashier,310.82,5
2026-06-30,15:00-16:00,replenishment,234.04,3
2026-06-30,16:00-17:00,aquatic,471.79,5
2026-06-30,16:00-17:00,meat,798.22,11
2026-06-30,16:00-17:00,produce,504.06,6
2026-06-30,16:00-17:00,cashier,252.78,3
2026-06-30,16:00-17:00,replenishment,159.5,2
2026-06-30,17:00-18:00,aquatic,568.17,6
2026-06-30,17:00-18:00,meat,998.94,12
2026-06-30,17:00-18:00,produce,466.12,7
2026-06-30,17:00-18:00,cashier,321.02,5
2026-06-30,17:00-18:00,replenishment,241.33,3
2026-06-30,18:00-19:00,aquatic,1188.25,20
2026-06-30,18:00-19:00,meat,1684.86,19
2026-06-30,18:00-19:00,produce,1096.33,17
2026-06-30,18:00-19:00,cashier,651.31,10
2026-06-30,18:00-19:00,replenishment,403.0,6
2026-06-30,19:00-20:00,aquatic,1301.09,16
2026-06-30,19:00-20:00,meat,1684.99,24
2026-06-30,19:00-20:00,produce,1236.93,19
2026-06-30,19:00-20:00,cashier,604.65,8
2026-06-30,19:00-20:00,replenishment,462.25,5
2026-06-30,20:00-21:00,aquatic,1014.73,14
2026-06-30,20:00-21:00,meat,1100.37,18
2026-06-30,20:00-21:00,produce,758.02,12
2026-06-30,20:00-21:00,cashier,389.31,6
2026-06-30,20:00-21:00,replenishment,298.7,4
2026-06-30,21:00-22:00,aquatic,542.58,9
2026-06-30,21:00-22:00,meat,781.51,11
2026-06-30,21:00-22:00,produce,555.5,11
2026-06-30,21:00-22:00,cashier,312.72,5
2026-06-30,21:00-22:00,replenishment,193.47,2
2026-07-01,08:00-09:00,aquatic,912.26,11
2026-07-01,08:00-09:00,meat,898.87,11
2026-07-01,08:00-09:00,produce,423.41,7
2026-07-01,08:00-09:00,cashier,239.4,3
2026-07-01,08:00-09:00,replenishment,205.79,2
2026-07-01,09:00-10:00,aquatic,833.34,9
2026-07-01,09:00-10:00,meat,1179.52,14
2026-07-01,09:00-10:00,produce,558.5,8
2026-07-01,09:00-10:00,cashier,333.97,6
2026-07-01,09:00-10:00,replenishment,263.06,3
2026-07-01,10:00-11:00,aquatic,965.06,12
2026-07-01,10:00-11:00,meat,1387.7,17
2026-07-01,10:00-11:00,produce,753.44,13
2026-07-01,10:00-11:00,cashier,377.33,5
2026-07-01,10:00-11:00,replenishment,267.21,3
2026-07-01,11:00-12:00,aquatic,1002.42,20
2026-07-01,11:00-12:00,meat,1134.79,14
2026-07-01,11:00-12:00,produce,825.82,14
2026-07-01,11:00-12:00,cashier,394.77,5
2026-07-01,11:00-12:00,replenishment,318.42,5
2026-07-01,12:00-13:00,aquatic,1086.08,15
2026-07-01,12:00-13:00,meat,1430.86,26
2026-07-01,12:00-13:00,produce,708.81,11
2026-07-01,12:00-13:00,cashier,588.14,10
2026-07-01,12:00-13:00,replenishment,366.68,5
2026-07-01,13:00-14:00,aquatic,859.44,15
2026-07-01,13:00-14:00,meat,1397.93,17
2026-07-01,13:00-14:00,produce,792.49,13
2026-07-01,13:00-14:00,cashier,463.67,8
2026-07-01,13:00-14:00,replenishment,306.5,3
2026-07-01,14:00-15:00,aquatic,797.14,11
2026-07-01,14:00-15:00,meat,1053.31,17
2026-07-01,14:00-15:00,produce,583.71,11
2026-07-01,14:00-15:00,cashier,346.91,4
2026-07-01,14:00-15:00,replenishment,204.64,2
2026-07-01,15:00-16:00,aquatic,657.85,9
2026-07-01,15:00-16:00,meat,745.97,12
2026-07-01,15:00-16:00,produce,573.05,9
2026-07-01,15:00-16:00,cashier,319.23,4
2026-07-01,15:00-16:00,replenishment,205.2,3
2026-07-01,16:00-17:00,aquatic,515.49,9
2026-07-01,16:00-17:00,meat,742.51,10
2026-07-01,16:00-17:00,produce,493.78,7
2026-07-01,16:00-17:00,cashier,211.37,3
2026-07-01,16:00-17:00,replenishment,188.77,2
2026-07-01,17:00-18:00,aquatic,606.23,8
2026-07-01,17:00-18:00,meat,903.63,15
2026-07-01,17:00-18:00,produce,463.28,9
2026-07-01,17:00-18:00,cashier,321.02,4
2026-07-01,17:00-18:00,replenishment,232.77,4
2026-07-01,18:00-19:00,aquatic,1148.39,13
2026-07-01,18:00-19:00,meat,1409.46,25
2026-07-01,18:00-19:00,produce,1360.35,16
2026-07-01,18:00-19:00,cashier,733.57,9
2026-07-01,18:00-19:00,replenishment,444.96,6
2026-07-01,19:00-20:00,aquatic,1233.45,16
2026-07-01,19:00-20:00,meat,1700.76,19
2026-07-01,19:00-20:00,produce,1176.02,18
2026-07-01,19:00-20:00,cashier,653.34,13
2026-07-01,19:00-20:00,replenishment,455.78,6
2026-07-01,20:00-21:00,aquatic,816.28,10
2026-07-01,20:00-21:00,meat,1145.89,16
2026-07-01,20:00-21:00,produce,814.1,9
2026-07-01,20:00-21:00,cashier,420.62,6
2026-07-01,20:00-21:00,replenishment,331.09,4
2026-07-01,21:00-22:00,aquatic,701.16,12
2026-07-01,21:00-22:00,meat,769.37,14
2026-07-01,21:00-22:00,produce,486.99,6
2026-07-01,21:00-22:00,cashier,302.09,5
2026-07-01,21:00-22:00,replenishment,221.32,3
2026-07-02,08:00-09:00,aquatic,745.71,12
2026-07-02,08:00-09:00,meat,1183.27,19
2026-07-02,08:00-09:00,produce,513.34,8
2026-07-02,08:00-09:00,cashier,233.9,4
2026-07-02,08:00-09:00,replenishment,271.59,4
2026-07-02,09:00-10:00,aquatic,1090.83,15
2026-07-02,09:00-10:00,meat,1427.95,27
2026-07-02,09:00-10:00,produce,703.6,10
2026-07-02,09:00-10:00,cashier,373.04,6
2026-07-02,09:00-10:00,replenishment,284.11,5
2026-07-02,10:00-11:00,aquatic,1045.43,19
2026-07-02,10:00-11:00,meat,1194.49,18
2026-07-02,10:00-11:00,produce,803.9,9
2026-07-02,10:00-11:00,cashier,414.65,7
2026-07-02,10:00-11:00,replenishment,335.38,4
2026-07-02,11:00-12:00,aquatic,941.48,13
2026-07-02,11:00-12:00,meat,1185.25,16
2026-07-02,11:00-12:00,produce,670.49,11
2026-07-02,11:00-12:00,cashier,452.91,8
2026-07-02,11:00-12:00,replenishment,339.99,5
2026-07-02,12:00-13:00,aquatic,1121.69,21
2026-07-02,12:00-13:00,meat,1493.33,20
2026-07-02,12:00-13:00,produce,841.14,9
2026-07-02,12:00-13:00,cashier,579.58,11
2026-07-02,12:00-13:00,replenishment,315.25,5
2026-07-02,13:00-14:00,aquatic,807.24,13
2026-07-02,13:00-14:00,meat,1443.71,25
2026-07-02,13:00-14:00,produce,829.26,11
2026-07-02,13:00-14:00,cashier,466.02,6
2026-07-02,13:00-14:00,replenishment,300.29,5
2026-07-02,14:00-15:00,aquatic,729.59,10
2026-07-02,14:00-15:00,meat,945.11,11
2026-07-02,14:00-15:00,produce,591.86,10
2026-07-02,14:00-15:00,cashier,358.97,5
2026-07-02,14:00-15:00,replenishment,239.74,3
2026-07-02,15:00-16:00,aquatic,759.83,12
2026-07-02,15:00-16:00,meat,1029.38,16
2026-07-02,15:00-16:00,produce,499.72,6
2026-07-02,15:00-16:00,cashier,330.89,5
2026-07-02,15:00-16:00,replenishment,202.53,3
2026-07-02,16:00-17:00,aquatic,504.27,6
2026-07-02,16:00-17:00,meat,808.69,14
2026-07-02,16:00-17:00,produce,453.59,6
2026-07-02,16:00-17:00,cashier,217.02,3
2026-07-02,16:00-17:00,replenishment,175.15,2
2026-07-02,17:00-18:00,aquatic,571.92,6
2026-07-02,17:00-18:00,meat,963.39,13
2026-07-02,17:00-18:00,produce,471.83,6
2026-07-02,17:00-18:00,cashier,286.66,4
2026-07-02,17:00-18:00,replenishment,223.63,3
2026-07-02,18:00-19:00,aquatic,1015.99,13
2026-07-02,18:00-19:00,meat,1636.57,26
2026-07-02,18:00-19:00,produce,1387.16,18
2026-07-02,18:00-19:00,cashier,656.91,9
2026-07-02,18:00-19:00,replenishment,404.23,5
2026-07-02,19:00-20:00,aquatic,1082.89,14
2026-07-02,19:00-20:00,meat,1510.58,28
2026-07-02,19:00-20:00,produce,1173.67,20
2026-07-02,19:00-20:00,cashier,645.86,11
2026-07-02,19:00-20:00,replenishment,453.58,8
2026-07-02,20:00-21:00,aquatic,1002.67,16
2026-07-02,20:00-21:00,meat,1131.14,16
2026-07-02,20:00-21:00,produce,718.44,8
2026-07-02,20:00-21:00,cashier,398.66,8
2026-07-02,20:00-21:00,replenishment,331.22,4
2026-07-02,21:00-22:00,aquatic,728.03,9
2026-07-02,21:00-22:00,meat,822.05,15
2026-07-02,21:00-22:00,produce,553.19,7
2026-07-02,21:00-22:00,cashier,258.83,4
2026-07-02,21:00-22:00,replenishment,202.72,2
2026-07-03,08:00-09:00,aquatic,912.52,13
2026-07-03,08:00-09:00,meat,1108.73,19
2026-07-03,08:00-09:00,produce,465.39,8
2026-07-03,08:00-09:00,cashier,314.06,5
2026-07-03,08:00-09:00,replenishment,300.89,6
2026-07-03,09:00-10:00,aquatic,1210.2,23
2026-07-03,09:00-10:00,meat,1592.06,21
2026-07-03,09:00-10:00,produce,648.83,10
2026-07-03,09:00-10:00,cashier,376.82,5
2026-07-03,09:00-10:00,replenishment,384.84,7
2026-07-03,10:00-11:00,aquatic,1182.05,21
2026-07-03,10:00-11:00,meat,1455.35,16
2026-07-03,10:00-11:00,produce,838.39,13
2026-07-03,10:00-11:00,cashier,530.5,6
2026-07-03,10:00-11:00,replenishment,376.08,5
2026-07-03,11:00-12:00,aquatic,954.63,12
2026-07-03,11:00-12:00,meat,1301.39,15
2026-07-03,11:00-12:00,produce,808.04,12
2026-07-03,11:00-12:00,cashier,493.07,6
2026-07-03,11:00-12:00,replenishment,379.27,7
2026-07-03,12:00-13:00,aquatic,1145.14,18
2026-07-03,12:00-13:00,meat,1416.76,18
2026-07-03,12:00-13:00,produce,1090.55,12
2026-07-03,12:00-13:00,cashier,610.34,7
2026-07-03,12:00-13:00,replenishment,350.02,5
2026-07-03,13:00-14:00,aquatic,932.9,15
2026-07-03,13:00-14:00,meat,1416.41,18
2026-07-03,13:00-14:00,produce,948.04,12
2026-07-03,13:00-14:00,cashier,589.24,8
2026-07-03,13:00-14:00,replenishment,411.61,5
2026-07-03,14:00-15:00,aquatic,822.09,12
2026-07-03,14:00-15:00,meat,1272.21,24
2026-07-03,14:00-15:00,produce,754.93,13
2026-07-03,14:00-15:00,cashier,366.23,5
2026-07-03,14:00-15:00,replenishment,278.05,3
2026-07-03,15:00-16:00,aquatic,769.23,9
2026-07-03,15:00-16:00,meat,909.69,12
2026-07-03,15:00-16:00,produce,565.16,7
2026-07-03,15:00-16:00,cashier,371.47,4
2026-07-03,15:00-16:00,replenishment,219.86,3
2026-07-03,16:00-17:00,aquatic,597.63,7
2026-07-03,16:00-17:00,meat,778.59,13
2026-07-03,16:00-17:00,produce,563.22,9
2026-07-03,16:00-17:00,cashier,265.1,4
2026-07-03,16:00-17:00,replenishment,235.52,3
2026-07-03,17:00-18:00,aquatic,836.87,12
2026-07-03,17:00-18:00,meat,929.89,13
2026-07-03,17:00-18:00,produce,658.99,12
2026-07-03,17:00-18:00,cashier,327.16,5
2026-07-03,17:00-18:00,replenishment,214.21,4
2026-07-03,18:00-19:00,aquatic,1336.51,18
2026-07-03,18:00-19:00,meat,1694.48,24
2026-07-03,18:00-19:00,produce,1379.03,18
2026-07-03,18:00-19:00,cashier,915.35,14
2026-07-03,18:00-19:00,replenishment,449.08,8
2026-07-03,19:00-20:00,aquatic,1384.82,19
2026-07-03,19:00-20:00,meat,2020.06,29
2026-07-03,19:00-20:00,produce,1592.72,20
2026-07-03,19:00-20:00,cashier,717.27,9
2026-07-03,19:00-20:00,replenishment,471.83,7
2026-07-03,20:00-21:00,aquatic,1186.88,13
2026-07-03,20:00-21:00,meat,1406.39,20
2026-07-03,20:00-21:00,produce,954.57,18
2026-07-03,20:00-21:00,cashier,431.64,8
2026-07-03,20:00-21:00,replenishment,383.42,5
2026-07-03,21:00-22:00,aquatic,666.86,9
2026-07-03,21:00-22:00,meat,951.58,11
2026-07-03,21:00-22:00,produce,609.76,9
2026-07-03,21:00-22:00,cashier,364.37,5
2026-07-03,21:00-22:00,replenishment,222.35,3
2026-07-04,08:00-09:00,aquatic,1279.14,15
2026-07-04,08:00-09:00,meat,1509.17,19
2026-07-04,08:00-09:00,produce,620.65,8
2026-07-04,08:00-09:00,cashier,381.98,7
2026-07-04,08:00-09:00,replenishment,327.48,5
2026-07-04,09:00-10:00,aquatic,1132.93,13
2026-07-04,09:00-10:00,meat,1850.76,27
2026-07-04,09:00-10:00,produce,842.1,10
2026-07-04,09:00-10:00,cashier,404.62,6
2026-07-04,09:00-10:00,replenishment,431.08,8
2026-07-04,10:00-11:00,aquatic,1217.44,16
2026-07-04,10:00-11:00,meat,1950.92,28
2026-07-04,10:00-11:00,produce,1013.67,11
2026-07-04,10:00-11:00,cashier,629.87,8
2026-07-04,10:00-11:00,replenishment,391.47,4
2026-07-04,11:00-12:00,aquatic,1437.85,21
2026-07-04,11:00-12:00,meat,1557.52,23
2026-07-04,11:00-12:00,produce,1113.0,14
2026-07-04,11:00-12:00,cashier,526.22,7
2026-07-04,11:00-12:00,replenishment,465.45,6
2026-07-04,12:00-13:00,aquatic,1567.09,21
2026-07-04,12:00-13:00,meat,1752.26,23
2026-07-04,12:00-13:00,produce,1082.44,17
2026-07-04,12:00-13:00,cashier,842.21,9
2026-07-04,12:00-13:00,replenishment,482.8,5
2026-07-04,13:00-14:00,aquatic,1261.47,16
2026-07-04,13:00-14:00,meat,1656.75,30
2026-07-04,13:00-14:00,produce,1003.45,14
2026-07-04,13:00-14:00,cashier,686.24,9
2026-07-04,13:00-14:00,replenishment,409.6,5
2026-07-04,14:00-15:00,aquatic,1111.24,18
2026-07-04,14:00-15:00,meat,1545.87,19
2026-07-04,14:00-15:00,produce,845.73,17
2026-07-04,14:00-15:00,cashier,400.33,5
2026-07-04,14:00-15:00,replenishment,305.75,4
2026-07-04,15:00-16:00,aquatic,792.28,13
2026-07-04,15:00-16:00,meat,1133.33,14
2026-07-04,15:00-16:00,produce,777.03,13
2026-07-04,15:00-16:00,cashier,421.82,8
2026-07-04,15:00-16:00,replenishment,321.7,6
2026-07-04,16:00-17:00,aquatic,839.47,11
2026-07-04,16:00-17:00,meat,1164.93,15
2026-07-04,16:00-17:00,produce,641.58,11
2026-07-04,16:00-17:00,cashier,364.66,4
2026-07-04,16:00-17:00,replenishment,235.95,3
2026-07-04,17:00-18:00,aquatic,994.85,15
2026-07-04,17:00-18:00,meat,1392.84,16
2026-07-04,17:00-18:00,produce,693.69,10
2026-07-04,17:00-18:00,cashier,334.72,6
2026-07-04,17:00-18:00,replenishment,304.63,4
2026-07-04,18:00-19:00,aquatic,1679.89,20
2026-07-04,18:00-19:00,meat,2359.24,30
2026-07-04,18:00-19:00,produce,1842.13,23
2026-07-04,18:00-19:00,cashier,953.96,13
2026-07-04,18:00-19:00,replenishment,654.9,7
2026-07-04,19:00-20:00,aquatic,1536.86,27
2026-07-04,19:00-20:00,meat,2399.66,42
2026-07-04,19:00-20:00,produce,1600.84,23
2026-07-04,19:00-20:00,cashier,911.53,14
2026-07-04,19:00-20:00,replenishment,610.8,11
2026-07-04,20:00-21:00,aquatic,1291.75,21
2026-07-04,20:00-21:00,meat,1661.05,21
2026-07-04,20:00-21:00,produce,941.26,17
2026-07-04,20:00-21:00,cashier,530.2,10
2026-07-04,20:00-21:00,replenishment,474.48,6
2026-07-04,21:00-22:00,aquatic,924.84,13
2026-07-04,21:00-22:00,meat,1251.71,19
2026-07-04,21:00-22:00,produce,797.63,13
2026-07-04,21:00-22:00,cashier,359.07,6
2026-07-04,21:00-22:00,replenishment,255.91,4
2026-07-05,08:00-09:00,aquatic,1026.44,14
2026-07-05,08:00-09:00,meat,1197.9,20
2026-07-05,08:00-09:00,produce,534.69,8
2026-07-05,08:00-09:00,cashier,298.97,5
2026-07-05,08:00-09:00,replenishment,327.26,5
2026-07-05,09:00-10:00,aquatic,1398.09,17
2026-07-05,09:00-10:00,meat,1785.17,35
2026-07-05,09:00-10:00,produce,819.53,12
2026-07-05,09:00-10:00,cashier,466.48,6
2026-07-05,09:00-10:00,replenishment,388.01,4
2026-07-05,10:00-11:00,aquatic,1234.08,20
2026-07-05,10:00-11:00,meat,1827.77,21
2026-07-05,10:00-11:00,produce,941.62,13
2026-07-05,10:00-11:00,cashier,486.12,6
2026-07-05,10:00-11:00,replenishment,427.69,7
2026-07-05,11:00-12:00,aquatic,1276.29,19
2026-07-05,11:00-12:00,meat,1402.63,16
2026-07-05,11:00-12:00,produce,885.06,13
2026-07-05,11:00-12:00,cashier,589.92,10
2026-07-05,11:00-12:00,replenishment,443.38,6
2026-07-05,12:00-13:00,aquatic,1096.78,21
2026-07-05,12:00-13:00,meat,1878.84,23
2026-07-05,12:00-13:00,produce,1189.92,18
2026-07-05,12:00-13:00,cashier,655.24,9
2026-07-05,12:00-13:00,replenishment,455.09,5
2026-07-05,13:00-14:00,aquatic,1266.6,17
2026-07-05,13:00-14:00,meat,1839.38,23
2026-07-05,13:00-14:00,produce,873.72,13
2026-07-05,13:00-14:00,cashier,592.5,11
2026-07-05,13:00-14:00,replenishment,337.85,4
2026-07-05,14:00-15:00,aquatic,952.31,13
2026-07-05,14:00-15:00,meat,1193.78,20
2026-07-05,14:00-15:00,produce,753.8,10
2026-07-05,14:00-15:00,cashier,407.64,8
2026-07-05,14:00-15:00,replenishment,328.22,5
2026-07-05,15:00-16:00,aquatic,853.75,11
2026-07-05,15:00-16:00,meat,1224.85,17
2026-07-05,15:00-16:00,produce,723.63,14
2026-07-05,15:00-16:00,cashier,410.74,8
2026-07-05,15:00-16:00,replenishment,296.5,5
2026-07-05,16:00-17:00,aquatic,614.92,8
2026-07-05,16:00-17:00,meat,956.77,15
2026-07-05,16:00-17:00,produce,613.21,9
2026-07-05,16:00-17:00,cashier,315.13,6
2026-07-05,16:00-17:00,replenishment,226.35,3
2026-07-05,17:00-18:00,aquatic,830.23,9
2026-07-05,17:00-18:00,meat,1016.04,13
2026-07-05,17:00-18:00,produce,767.3,9
2026-07-05,17:00-18:00,cashier,389.04,6
2026-07-05,17:00-18:00,replenishment,309.81,4
2026-07-05,18:00-19:00,aquatic,1427.2,26
2026-07-05,18:00-19:00,meat,1660.44,22
2026-07-05,18:00-19:00,produce,1656.26,19
2026-07-05,18:00-19:00,cashier,822.41,10
2026-07-05,18:00-19:00,replenishment,629.59,10
2026-07-05,19:00-20:00,aquatic,1481.14,20
2026-07-05,19:00-20:00,meat,2120.46,38
2026-07-05,19:00-20:00,produce,1509.73,18
2026-07-05,19:00-20:00,cashier,798.21,14
2026-07-05,19:00-20:00,replenishment,607.84,7
2026-07-05,20:00-21:00,aquatic,1293.34,15
2026-07-05,20:00-21:00,meat,1865.98,27
2026-07-05,20:00-21:00,produce,989.53,16
2026-07-05,20:00-21:00,cashier,452.51,8
2026-07-05,20:00-21:00,replenishment,416.39,6
2026-07-05,21:00-22:00,aquatic,777.44,14
2026-07-05,21:00-22:00,meat,1190.56,22
2026-07-05,21:00-22:00,produce,706.97,8
2026-07-05,21:00-22:00,cashier,344.1,5
2026-07-05,21:00-22:00,replenishment,282.53,5
2026-07-06,08:00-09:00,aquatic,830.45,11
2026-07-06,08:00-09:00,meat,1007.32,16
2026-07-06,08:00-09:00,produce,440.32,9
2026-07-06,08:00-09:00,cashier,221.72,4
2026-07-06,08:00-09:00,replenishment,250.84,4
2026-07-06,09:00-10:00,aquatic,1031.5,19
2026-07-06,09:00-10:00,meat,1283.87,15
2026-07-06,09:00-10:00,produce,593.31,9
2026-07-06,09:00-10:00,cashier,301.33,4
2026-07-06,09:00-10:00,replenishment,259.99,4
2026-07-06,10:00-11:00,aquatic,992.28,12
2026-07-06,10:00-11:00,meat,1115.0,16
2026-07-06,10:00-11:00,produce,696.73,8
2026-07-06,10:00-11:00,cashier,349.18,7
2026-07-06,10:00-11:00,replenishment,256.68,4
2026-07-06,11:00-12:00,aquatic,773.42,11
2026-07-06,11:00-12:00,meat,1214.43,17
2026-07-06,11:00-12:00,produce,841.42,12
2026-07-06,11:00-12:00,cashier,405.22,5
2026-07-06,11:00-12:00,replenishment,297.49,4
2026-07-06,12:00-13:00,aquatic,950.15,16
2026-07-06,12:00-13:00,meat,1487.26,19
2026-07-06,12:00-13:00,produce,773.27,11
2026-07-06,12:00-13:00,cashier,573.79,9
2026-07-06,12:00-13:00,replenishment,330.21,4
2026-07-06,13:00-14:00,aquatic,993.96,12
2026-07-06,13:00-14:00,meat,1292.76,23
2026-07-06,13:00-14:00,produce,753.18,11
2026-07-06,13:00-14:00,cashier,433.8,5
2026-07-06,13:00-14:00,replenishment,314.35,4
2026-07-06,14:00-15:00,aquatic,770.96,11
2026-07-06,14:00-15:00,meat,957.64,16
2026-07-06,14:00-15:00,produce,597.78,11
2026-07-06,14:00-15:00,cashier,307.47,6
2026-07-06,14:00-15:00,replenishment,218.89,3
2026-07-06,15:00-16:00,aquatic,603.78,9
2026-07-06,15:00-16:00,meat,863.09,17
2026-07-06,15:00-16:00,produce,600.69,10
2026-07-06,15:00-16:00,cashier,297.11,4
2026-07-06,15:00-16:00,replenishment,230.77,3
2026-07-06,16:00-17:00,aquatic,501.66,7
2026-07-06,16:00-17:00,meat,676.62,9
2026-07-06,16:00-17:00,produce,431.82,6
2026-07-06,16:00-17:00,cashier,264.15,4
2026-07-06,16:00-17:00,replenishment,173.32,2
2026-07-06,17:00-18:00,aquatic,633.09,10
2026-07-06,17:00-18:00,meat,971.53,14
2026-07-06,17:00-18:00,produce,522.18,7
2026-07-06,17:00-18:00,cashier,280.15,5
2026-07-06,17:00-18:00,replenishment,188.93,4
2026-07-06,18:00-19:00,aquatic,1126.49,19
2026-07-06,18:00-19:00,meat,1359.11,21
2026-07-06,18:00-19:00,produce,1342.14,25
2026-07-06,18:00-19:00,cashier,617.64,7
2026-07-06,18:00-19:00,replenishment,460.55,7
2026-07-06,19:00-20:00,aquatic,1162.56,20
2026-07-06,19:00-20:00,meat,1459.86,18
2026-07-06,19:00-20:00,produce,1085.91,21
2026-07-06,19:00-20:00,cashier,690.9,12
2026-07-06,19:00-20:00,replenishment,445.67,9
2026-07-06,20:00-21:00,aquatic,919.51,18
2026-07-06,20:00-21:00,meat,1159.35,20
2026-07-06,20:00-21:00,produce,853.1,12
2026-07-06,20:00-21:00,cashier,407.63,8
2026-07-06,20:00-21:00,replenishment,319.76,4
2026-07-06,21:00-22:00,aquatic,589.07,11
2026-07-06,21:00-22:00,meat,861.67,10
2026-07-06,21:00-22:00,produce,582.85,10
2026-07-06,21:00-22:00,cashier,307.75,4
2026-07-06,21:00-22:00,replenishment,228.56,3
2026-07-07,08:00-09:00,aquatic,732.7,10
2026-07-07,08:00-09:00,meat,975.82,12
2026-07-07,08:00-09:00,produce,428.76,6
2026-07-07,08:00-09:00,cashier,246.52,4
2026-07-07,08:00-09:00,replenishment,225.96,4
2026-07-07,09:00-10:00,aquatic,852.42,10
2026-07-07,09:00-10:00,meat,1201.57,18
2026-07-07,09:00-10:00,produce,536.92,10
2026-07-07,09:00-10:00,cashier,317.68,4
2026-07-07,09:00-10:00,replenishment,248.17,3
2026-07-07,10:00-11:00,aquatic,900.9,16
2026-07-07,10:00-11:00,meat,1243.34,23
2026-07-07,10:00-11:00,produce,773.28,9
2026-07-07,10:00-11:00,cashier,447.64,6
2026-07-07,10:00-11:00,replenishment,313.43,4
2026-07-07,11:00-12:00,aquatic,865.0,17
2026-07-07,11:00-12:00,meat,1261.18,21
2026-07-07,11:00-12:00,produce,818.02,10
2026-07-07,11:00-12:00,cashier,385.75,5
2026-07-07,11:00-12:00,replenishment,321.73,4
2026-07-07,12:00-13:00,aquatic,1048.42,19
2026-07-07,12:00-13:00,meat,1223.98,18
2026-07-07,12:00-13:00,produce,758.8,9
2026-07-07,12:00-13:00,cashier,534.81,6
2026-07-07,12:00-13:00,replenishment,320.96,6
2026-07-07,13:00-14:00,aquatic,956.47,12
2026-07-07,13:00-14:00,meat,1279.25,23
2026-07-07,13:00-14:00,produce,639.12,8
2026-07-07,13:00-14:00,cashier,507.04,8
2026-07-07,13:00-14:00,replenishment,287.6,5
2026-07-07,14:00-15:00,aquatic,752.74,13
2026-07-07,14:00-15:00,meat,1106.49,17
2026-07-07,14:00-15:00,produce,575.82,9
2026-07-07,14:00-15:00,cashier,337.34,4
2026-07-07,14:00-15:00,replenishment,233.75,3
2026-07-07,15:00-16:00,aquatic,626.69,10
2026-07-07,15:00-16:00,meat,889.41,15
2026-07-07,15:00-16:00,produce,494.55,8
2026-07-07,15:00-16:00,cashier,297.26,4
2026-07-07,15:00-16:00,replenishment,232.36,3
2026-07-07,16:00-17:00,aquatic,580.15,9
2026-07-07,16:00-17:00,meat,794.85,14
2026-07-07,16:00-17:00,produce,411.45,6
2026-07-07,16:00-17:00,cashier,228.37,3
2026-07-07,16:00-17:00,replenishment,190.64,2
2026-07-07,17:00-18:00,aquatic,565.88,6
2026-07-07,17:00-18:00,meat,745.14,14
2026-07-07,17:00-18:00,produce,469.14,5
2026-07-07,17:00-18:00,cashier,274.57,5
2026-07-07,17:00-18:00,replenishment,192.47,4
2026-07-07,18:00-19:00,aquatic,930.23,14
2026-07-07,18:00-19:00,meat,1718.0,23
2026-07-07,18:00-19:00,produce,1267.94,16
2026-07-07,18:00-19:00,cashier,691.65,8
2026-07-07,18:00-19:00,replenishment,473.5,6
2026-07-07,19:00-20:00,aquatic,1148.58,20
2026-07-07,19:00-20:00,meat,1701.48,21
2026-07-07,19:00-20:00,produce,1186.13,23
2026-07-07,19:00-20:00,cashier,696.18,10
2026-07-07,19:00-20:00,replenishment,394.47,7
2026-07-07,20:00-21:00,aquatic,774.74,13
2026-07-07,20:00-21:00,meat,1062.61,19
2026-07-07,20:00-21:00,produce,861.78,11
2026-07-07,20:00-21:00,cashier,382.38,6
2026-07-07,20:00-21:00,replenishment,307.75,4
2026-07-07,21:00-22:00,aquatic,674.78,13
2026-07-07,21:00-22:00,meat,767.42,13
2026-07-07,21:00-22:00,produce,576.94,7
2026-07-07,21:00-22:00,cashier,267.24,3
2026-07-07,21:00-22:00,replenishment,195.92,3
2026-07-08,08:00-09:00,aquatic,735.77,8
2026-07-08,08:00-09:00,meat,1073.6,18
2026-07-08,08:00-09:00,produce,437.46,8
2026-07-08,08:00-09:00,cashier,209.21,3
2026-07-08,08:00-09:00,replenishment,265.38,3
2026-07-08,09:00-10:00,aquatic,1064.24,13
2026-07-08,09:00-10:00,meat,1312.73,18
2026-07-08,09:00-10:00,produce,634.95,7
2026-07-08,09:00-10:00,cashier,326.06,4
2026-07-08,09:00-10:00,replenishment,310.25,4
2026-07-08,10:00-11:00,aquatic,888.89,13
2026-07-08,10:00-11:00,meat,1282.56,25
2026-07-08,10:00-11:00,produce,663.66,13
2026-07-08,10:00-11:00,cashier,416.04,5
2026-07-08,10:00-11:00,replenishment,315.92,5
2026-07-08,11:00-12:00,aquatic,850.25,10
2026-07-08,11:00-12:00,meat,1256.19,25
2026-07-08,11:00-12:00,produce,824.74,14
2026-07-08,11:00-12:00,cashier,351.16,5
2026-07-08,11:00-12:00,replenishment,328.9,6
2026-07-08,12:00-13:00,aquatic,1118.12,16
2026-07-08,12:00-13:00,meat,1314.58,15
2026-07-08,12:00-13:00,produce,767.85,9
2026-07-08,12:00-13:00,cashier,603.42,7
2026-07-08,12:00-13:00,replenishment,329.9,6
2026-07-08,13:00-14:00,aquatic,963.57,11
2026-07-08,13:00-14:00,meat,1140.04,20
2026-07-08,13:00-14:00,produce,693.68,9
2026-07-08,13:00-14:00,cashier,430.46,8
2026-07-08,13:00-14:00,replenishment,337.82,4
2026-07-08,14:00-15:00,aquatic,755.3,10
2026-07-08,14:00-15:00,meat,1079.27,15
2026-07-08,14:00-15:00,produce,517.61,7
2026-07-08,14:00-15:00,cashier,331.58,5
2026-07-08,14:00-15:00,replenishment,274.95,3
2026-07-08,15:00-16:00,aquatic,699.7,10
2026-07-08,15:00-16:00,meat,1002.15,12
2026-07-08,15:00-16:00,produce,490.39,8
2026-07-08,15:00-16:00,cashier,286.44,5
2026-07-08,15:00-16:00,replenishment,228.85,3
2026-07-08,16:00-17:00,aquatic,546.6,8
2026-07-08,16:00-17:00,meat,726.09,9
2026-07-08,16:00-17:00,produce,406.1,5
2026-07-08,16:00-17:00,cashier,254.27,4
2026-07-08,16:00-17:00,replenishment,190.22,4
2026-07-08,17:00-18:00,aquatic,575.33,8
2026-07-08,17:00-18:00,meat,829.18,11
2026-07-08,17:00-18:00,produce,487.15,7
2026-07-08,17:00-18:00,cashier,257.92,4
2026-07-08,17:00-18:00,replenishment,217.12,3
2026-07-08,18:00-19:00,aquatic,1079.6,18
2026-07-08,18:00-19:00,meat,1590.32,25
2026-07-08,18:00-19:00,produce,1393.94,23
2026-07-08,18:00-19:00,cashier,607.47,11
2026-07-08,18:00-19:00,replenishment,441.84,7
2026-07-08,19:00-20:00,aquatic,1029.55,17
2026-07-08,19:00-20:00,meat,1496.21,22
2026-07-08,19:00-20:00,produce,1222.21,22
2026-07-08,19:00-20:00,cashier,769.12,14
2026-07-08,19:00-20:00,replenishment,468.34,8
2026-07-08,20:00-21:00,aquatic,899.89,10
2026-07-08,20:00-21:00,meat,1381.02,20
2026-07-08,20:00-21:00,produce,799.63,10
2026-07-08,20:00-21:00,cashier,376.0,5
2026-07-08,20:00-21:00,replenishment,306.11,5
2026-07-08,21:00-22:00,aquatic,666.01,13
2026-07-08,21:00-22:00,meat,957.38,14
2026-07-08,21:00-22:00,produce,545.45,8
2026-07-08,21:00-22:00,cashier,266.11,4
2026-07-08,21:00-22:00,replenishment,213.8,2
2026-07-09,08:00-09:00,aquatic,788.68,16
2026-07-09,08:00-09:00,meat,977.22,12
2026-07-09,08:00-09:00,produce,538.15,9
2026-07-09,08:00-09:00,cashier,257.74,3
2026-07-09,08:00-09:00,replenishment,221.71,3
2026-07-09,09:00-10:00,aquatic,940.08,12
2026-07-09,09:00-10:00,meat,1255.27,16
2026-07-09,09:00-10:00,produce,703.64,11
2026-07-09,09:00-10:00,cashier,314.48,4
2026-07-09,09:00-10:00,replenishment,270.18,5
2026-07-09,10:00-11:00,aquatic,1032.24,16
2026-07-09,10:00-11:00,meat,1364.19,19
2026-07-09,10:00-11:00,produce,869.93,16
2026-07-09,10:00-11:00,cashier,377.41,6
2026-07-09,10:00-11:00,replenishment,297.69,5
2026-07-09,11:00-12:00,aquatic,879.08,12
2026-07-09,11:00-12:00,meat,1222.43,18
2026-07-09,11:00-12:00,produce,873.21,14
2026-07-09,11:00-12:00,cashier,430.95,5
2026-07-09,11:00-12:00,replenishment,306.87,5
2026-07-09,12:00-13:00,aquatic,890.78,11
2026-07-09,12:00-13:00,meat,1513.93,17
2026-07-09,12:00-13:00,produce,918.41,17
2026-07-09,12:00-13:00,cashier,540.58,10
2026-07-09,12:00-13:00,replenishment,301.16,4
2026-07-09,13:00-14:00,aquatic,958.73,19
2026-07-09,13:00-14:00,meat,1271.95,16
2026-07-09,13:00-14:00,produce,689.04,11
2026-07-09,13:00-14:00,cashier,451.88,6
2026-07-09,13:00-14:00,replenishment,351.43,6
2026-07-09,14:00-15:00,aquatic,698.71,11
2026-07-09,14:00-15:00,meat,1089.84,20
2026-07-09,14:00-15:00,produce,693.98,14
2026-07-09,14:00-15:00,cashier,352.49,4
2026-07-09,14:00-15:00,replenishment,238.79,3
2026-07-09,15:00-16:00,aquatic,755.76,11
2026-07-09,15:00-16:00,meat,856.02,13
2026-07-09,15:00-16:00,produce,628.9,8
2026-07-09,15:00-16:00,cashier,265.51,4
2026-07-09,15:00-16:00,replenishment,229.17,3
2026-07-09,16:00-17:00,aquatic,577.88,8
2026-07-09,16:00-17:00,meat,820.46,13
2026-07-09,16:00-17:00,produce,450.84,6
2026-07-09,16:00-17:00,cashier,275.04,4
2026-07-09,16:00-17:00,replenishment,181.39,3
2026-07-09,17:00-18:00,aquatic,622.52,12
2026-07-09,17:00-18:00,meat,1005.68,12
2026-07-09,17:00-18:00,produce,525.43,8
2026-07-09,17:00-18:00,cashier,250.63,3
2026-07-09,17:00-18:00,replenishment,250.07,4
2026-07-09,18:00-19:00,aquatic,967.01,14
2026-07-09,18:00-19:00,meat,1477.16,25
2026-07-09,18:00-19:00,produce,1127.41,17
2026-07-09,18:00-19:00,cashier,686.92,9
2026-07-09,18:00-19:00,replenishment,439.28,8
2026-07-09,19:00-20:00,aquatic,1315.89,20
2026-07-09,19:00-20:00,meat,1643.98,27
2026-07-09,19:00-20:00,produce,1299.83,22
2026-07-09,19:00-20:00,cashier,766.13,9
2026-07-09,19:00-20:00,replenishment,492.01,6
2026-07-09,20:00-21:00,aquatic,883.96,11
2026-07-09,20:00-21:00,meat,1434.09,22
2026-07-09,20:00-21:00,produce,871.01,15
2026-07-09,20:00-21:00,cashier,393.49,5
2026-07-09,20:00-21:00,replenishment,326.13,5
2026-07-09,21:00-22:00,aquatic,685.86,12
2026-07-09,21:00-22:00,meat,786.28,15
2026-07-09,21:00-22:00,produce,557.03,10
2026-07-09,21:00-22:00,cashier,258.92,4
2026-07-09,21:00-22:00,replenishment,234.74,3
2026-07-10,08:00-09:00,aquatic,894.09,16
2026-07-10,08:00-09:00,meat,1257.57,20
2026-07-10,08:00-09:00,produce,509.48,6
2026-07-10,08:00-09:00,cashier,331.02,5
2026-07-10,08:00-09:00,replenishment,305.35,5
2026-07-10,09:00-10:00,aquatic,1238.96,14
2026-07-10,09:00-10:00,meat,1248.21,15
2026-07-10,09:00-10:00,produce,627.42,9
2026-07-10,09:00-10:00,cashier,348.54,4
2026-07-10,09:00-10:00,replenishment,378.49,5
2026-07-10,10:00-11:00,aquatic,957.52,12
2026-07-10,10:00-11:00,meat,1387.03,17
2026-07-10,10:00-11:00,produce,884.6,11
2026-07-10,10:00-11:00,cashier,412.83,6
2026-07-10,10:00-11:00,replenishment,389.27,5
2026-07-10,11:00-12:00,aquatic,1236.21,18
2026-07-10,11:00-12:00,meat,1581.65,25
2026-07-10,11:00-12:00,produce,852.23,11
2026-07-10,11:00-12:00,cashier,414.07,5
2026-07-10,11:00-12:00,replenishment,362.26,6
2026-07-10,12:00-13:00,aquatic,1237.37,21
2026-07-10,12:00-13:00,meat,1841.82,22
2026-07-10,12:00-13:00,produce,906.18,17
2026-07-10,12:00-13:00,cashier,713.77,11
2026-07-10,12:00-13:00,replenishment,356.48,6
2026-07-10,13:00-14:00,aquatic,956.77,12
2026-07-10,13:00-14:00,meat,1279.02,25
2026-07-10,13:00-14:00,produce,976.54,14
2026-07-10,13:00-14:00,cashier,592.63,9
2026-07-10,13:00-14:00,replenishment,315.66,6
2026-07-10,14:00-15:00,aquatic,758.09,10
2026-07-10,14:00-15:00,meat,1355.11,15
2026-07-10,14:00-15:00,produce,747.03,14
2026-07-10,14:00-15:00,cashier,400.66,5
2026-07-10,14:00-15:00,replenishment,313.18,6
2026-07-10,15:00-16:00,aquatic,695.37,8
2026-07-10,15:00-16:00,meat,1140.9,14
2026-07-10,15:00-16:00,produce,687.74,10
2026-07-10,15:00-16:00,cashier,305.05,4
2026-07-10,15:00-16:00,replenishment,241.28,4
2026-07-10,16:00-17:00,aquatic,725.5,10
2026-07-10,16:00-17:00,meat,883.13,14
2026-07-10,16:00-17:00,produce,571.92,10
2026-07-10,16:00-17:00,cashier,260.92,4
2026-07-10,16:00-17:00,replenishment,231.06,4
2026-07-10,17:00-18:00,aquatic,831.15,10
2026-07-10,17:00-18:00,meat,1067.17,20
2026-07-10,17:00-18:00,produce,564.8,9
2026-07-10,17:00-18:00,cashier,312.15,5
2026-07-10,17:00-18:00,replenishment,214.25,3
2026-07-10,18:00-19:00,aquatic,1248.97,22
2026-07-10,18:00-19:00,meat,1540.11,18
2026-07-10,18:00-19:00,produce,1637.2,27
2026-07-10,18:00-19:00,cashier,859.87,11
2026-07-10,18:00-19:00,replenishment,524.46,8
2026-07-10,19:00-20:00,aquatic,1414.14,20
2026-07-10,19:00-20:00,meat,1980.11,27
2026-07-10,19:00-20:00,produce,1440.05,19
2026-07-10,19:00-20:00,cashier,716.4,10
2026-07-10,19:00-20:00,replenishment,447.88,5
2026-07-10,20:00-21:00,aquatic,960.05,11
2026-07-10,20:00-21:00,meat,1365.94,20
2026-07-10,20:00-21:00,produce,791.66,11
2026-07-10,20:00-21:00,cashier,528.43,7
2026-07-10,20:00-21:00,replenishment,362.79,5
2026-07-10,21:00-22:00,aquatic,700.65,11
2026-07-10,21:00-22:00,meat,1083.38,21
2026-07-10,21:00-22:00,produce,711.31,12
2026-07-10,21:00-22:00,cashier,335.13,4
2026-07-10,21:00-22:00,replenishment,220.24,3
2026-07-11,08:00-09:00,aquatic,984.55,14
2026-07-11,08:00-09:00,meat,1663.27,25
2026-07-11,08:00-09:00,produce,605.25,8
2026-07-11,08:00-09:00,cashier,368.62,6
2026-07-11,08:00-09:00,replenishment,282.46,5
2026-07-11,09:00-10:00,aquatic,1233.31,14
2026-07-11,09:00-10:00,meat,1912.14,35
2026-07-11,09:00-10:00,produce,896.74,13
2026-07-11,09:00-10:00,cashier,406.26,6
2026-07-11,09:00-10:00,replenishment,372.81,5
2026-07-11,10:00-11:00,aquatic,1138.62,14
2026-07-11,10:00-11:00,meat,1705.47,31
2026-07-11,10:00-11:00,produce,1093.67,17
2026-07-11,10:00-11:00,cashier,553.07,7
2026-07-11,10:00-11:00,replenishment,468.24,8
2026-07-11,11:00-12:00,aquatic,1139.19,17
2026-07-11,11:00-12:00,meat,1664.69,30
2026-07-11,11:00-12:00,produce,1207.01,18
2026-07-11,11:00-12:00,cashier,535.19,9
2026-07-11,11:00-12:00,replenishment,481.92,8
2026-07-11,12:00-13:00,aquatic,1332.66,17
2026-07-11,12:00-13:00,meat,1884.91,24
2026-07-11,12:00-13:00,produce,1192.57,16
2026-07-11,12:00-13:00,cashier,732.07,9
2026-07-11,12:00-13:00,replenishment,521.06,9
2026-07-11,13:00-14:00,aquatic,1434.5,21
2026-07-11,13:00-14:00,meat,1695.97,21
2026-07-11,13:00-14:00,produce,1202.13,16
2026-07-11,13:00-14:00,cashier,675.55,8
2026-07-11,13:00-14:00,replenishment,395.03,6
2026-07-11,14:00-15:00,aquatic,923.9,11
2026-07-11,14:00-15:00,meat,1199.11,14
2026-07-11,14:00-15:00,produce,887.81,15
2026-07-11,14:00-15:00,cashier,455.21,6
2026-07-11,14:00-15:00,replenishment,378.93,7
2026-07-11,15:00-16:00,aquatic,759.69,12
2026-07-11,15:00-16:00,meat,1092.12,17
2026-07-11,15:00-16:00,produce,753.12,13
2026-07-11,15:00-16:00,cashier,428.58,8
2026-07-11,15:00-16:00,replenishment,285.16,3
2026-07-11,16:00-17:00,aquatic,809.13,10
2026-07-11,16:00-17:00,meat,1142.26,20
2026-07-11,16:00-17:00,produce,691.56,9
2026-07-11,16:00-17:00,cashier,343.68,4
2026-07-11,16:00-17:00,replenishment,259.2,4
2026-07-11,17:00-18:00,aquatic,943.07,13
2026-07-11,17:00-18:00,meat,1070.09,20
2026-07-11,17:00-18:00,produce,794.73,12
2026-07-11,17:00-18:00,cashier,429.3,6
2026-07-11,17:00-18:00,replenishment,326.44,4
2026-07-11,18:00-19:00,aquatic,1388.04,18
2026-07-11,18:00-19:00,meat,2164.45,43
2026-07-11,18:00-19:00,produce,1910.81,29
2026-07-11,18:00-19:00,cashier,885.7,17
2026-07-11,18:00-19:00,replenishment,612.04,11
2026-07-11,19:00-20:00,aquatic,1639.18,28
2026-07-11,19:00-20:00,meat,1968.23,25
2026-07-11,19:00-20:00,produce,1717.48,25
2026-07-11,19:00-20:00,cashier,973.41,14
2026-07-11,19:00-20:00,replenishment,550.53,9
2026-07-11,20:00-21:00,aquatic,1220.05,22
2026-07-11,20:00-21:00,meat,1530.84,21
2026-07-11,20:00-21:00,produce,908.03,14
2026-07-11,20:00-21:00,cashier,490.29,7
2026-07-11,20:00-21:00,replenishment,454.5,8
2026-07-11,21:00-22:00,aquatic,785.39,11
2026-07-11,21:00-22:00,meat,1220.54,16
2026-07-11,21:00-22:00,produce,667.99,9
2026-07-11,21:00-22:00,cashier,419.71,7
2026-07-11,21:00-22:00,replenishment,256.22,3
2026-07-12,08:00-09:00,aquatic,997.22,11
2026-07-12,08:00-09:00,meat,1196.94,16
2026-07-12,08:00-09:00,produce,571.58,9
2026-07-12,08:00-09:00,cashier,295.22,4
2026-07-12,08:00-09:00,replenishment,260.78,4
2026-07-12,09:00-10:00,aquatic,1394.81,19
2026-07-12,09:00-10:00,meat,1789.39,26
2026-07-12,09:00-10:00,produce,697.12,13
2026-07-12,09:00-10:00,cashier,455.71,8
2026-07-12,09:00-10:00,replenishment,360.23,4
2026-07-12,10:00-11:00,aquatic,1293.82,24
2026-07-12,10:00-11:00,meat,1407.84,16
2026-07-12,10:00-11:00,produce,1099.82,13
2026-07-12,10:00-11:00,cashier,569.94,11
2026-07-12,10:00-11:00,replenishment,412.67,8
2026-07-12,11:00-12:00,aquatic,1152.47,23
2026-07-12,11:00-12:00,meat,1483.14,21
2026-07-12,11:00-12:00,produce,888.36,13
2026-07-12,11:00-12:00,cashier,482.35,7
2026-07-12,11:00-12:00,replenishment,416.9,7
2026-07-12,12:00-13:00,aquatic,1363.74,27
2026-07-12,12:00-13:00,meat,1832.01,24
2026-07-12,12:00-13:00,produce,925.62,16
2026-07-12,12:00-13:00,cashier,695.42,9
2026-07-12,12:00-13:00,replenishment,444.18,9
2026-07-12,13:00-14:00,aquatic,1224.32,24
2026-07-12,13:00-14:00,meat,1570.71,26
2026-07-12,13:00-14:00,produce,1077.98,14
2026-07-12,13:00-14:00,cashier,692.19,14
2026-07-12,13:00-14:00,replenishment,432.99,6
2026-07-12,14:00-15:00,aquatic,860.51,13
2026-07-12,14:00-15:00,meat,1485.88,28
2026-07-12,14:00-15:00,produce,736.82,9
2026-07-12,14:00-15:00,cashier,419.94,7
2026-07-12,14:00-15:00,replenishment,312.06,5
2026-07-12,15:00-16:00,aquatic,923.75,18
2026-07-12,15:00-16:00,meat,1051.3,15
2026-07-12,15:00-16:00,produce,648.42,10
2026-07-12,15:00-16:00,cashier,326.54,5
2026-07-12,15:00-16:00,replenishment,260.87,3
2026-07-12,16:00-17:00,aquatic,646.44,7
2026-07-12,16:00-17:00,meat,975.37,12
2026-07-12,16:00-17:00,produce,607.08,7
2026-07-12,16:00-17:00,cashier,348.54,4
2026-07-12,16:00-17:00,replenishment,200.97,3
2026-07-12,17:00-18:00,aquatic,764.99,14
2026-07-12,17:00-18:00,meat,1273.04,17
2026-07-12,17:00-18:00,produce,598.1,9
2026-07-12,17:00-18:00,cashier,414.3,6
2026-07-12,17:00-18:00,replenishment,283.28,5
2026-07-12,18:00-19:00,aquatic,1294.64,23
2026-07-12,18:00-19:00,meat,2225.26,26
2026-07-12,18:00-19:00,produce,1554.11,22
2026-07-12,18:00-19:00,cashier,796.75,14
2026-07-12,18:00-19:00,replenishment,568.57,7
2026-07-12,19:00-20:00,aquatic,1686.45,27
2026-07-12,19:00-20:00,meat,2242.51,32
2026-07-12,19:00-20:00,produce,1467.45,16
2026-07-12,19:00-20:00,cashier,1004.23,18
2026-07-12,19:00-20:00,replenishment,630.15,7
2026-07-12,20:00-21:00,aquatic,1105.94,15
2026-07-12,20:00-21:00,meat,1843.69,34
2026-07-12,20:00-21:00,produce,921.65,11
2026-07-12,20:00-21:00,cashier,555.42,7
2026-07-12,20:00-21:00,replenishment,434.48,7
2026-07-12,21:00-22:00,aquatic,797.19,12
2026-07-12,21:00-22:00,meat,1285.52,15
2026-07-12,21:00-22:00,produce,771.21,13
2026-07-12,21:00-22:00,cashier,394.48,7
2026-07-12,21:00-22:00,replenishment,247.18,3
